99.7,72.4,98.7,98.8,34.5,748.037
97.7,54.6,98,99.9,83.7,748.037
97.8,82.3,91.4,99.9,87.5,748.037
98.3,29.5,98.1,99.2,64.3,748.037
90.9,70.3,95.4,99.9,70,748.037
90.5,77.7,94.1,94,57,698.496
88.2,77.2,93.9,95.1,73.5,698.496
84.2,39.6,99.3,97.8,70,748.037
89.2,90,94.5,88.3,92.9,698.496
92.1,59.2,89.7,91.5,70,748.037
83,48.1,92.9,93.2,70,748.037
79.1,62.8,87.9,96.9,70,748.037
80.9,58.5,89.2,92.3,100,748.037
82.2,62.4,88.8,88.1,34.7,748.037
77.5,93.7,87.8,83.1,70,1296.412
83.9,53.3,89.1,84.1,59.6,748.037
75.8,70,87.9,82.2,70,695.607
73.8,90.9,73.8,92.6,70,748.037
71.8,32.9,82.7,93.6,43.7,748.037
70.3,39.1,79.3,95.7,53.7,748.037
68.4,91.4,71.4,96.1,56.5,836.098
74,90.8,81.6,80.6,39,698.496
68.2,49,77.1,95.9,32.8,748.037
66.8,49.4,71.5,92.3,100,748.037
64.5,60.5,68.8,95.3,70,748.037
87.7,18.4,91.9,58.1,70,891.631
67.9,73.2,72.6,83.2,95.1,748.037
69.5,32.6,62.5,96.5,100,823.151
56.6,64.3,68,98.8,89.8,748.037
65.1,93.3,74.8,80.3,42.6,695.607
70.9,21.5,75.1,85,50.2,748.037
59.8,31.6,76.3,90.8,51.8,748.037
68.1,55.9,80.9,72.9,70,748.037
65.5,97.8,72.6,78.7,40.5,746.753
69,85.9,74.9,69,70,695.607
58.7,88,69.2,83.3,47.7,771.256
76.4,68.6,61.3,72.2,98.6,419.868
58.9,56.4,63,88.6,70,748.037
57.9,77.9,56.1,91.4,70,800.895
59.9,67.3,61.9,86.8,42.2,698.496
50.4,97.4,51.8,98.2,64.1,836.098
66.8,44.9,48.2,95.7,30.7,800.895
51.9,93.9,62.4,81,70,771.256
65.8,70,72.7,62.3,73.3,765.585
57.3,44.5,55.9,92.5,31.7,723.534
55.5,43.7,64.6,83.4,70,748.037
57.4,31.2,50.6,99.1,29.2,748.037
55,100,56.1,83.8,38,1296.412
49.4,66.3,54.7,91.6,70,748.037
57.5,70,48.6,92.7,30.3,419.868
64.9,22.1,59.5,78.1,84.2,748.037
57.6,23,69.1,76.4,70,748.037
64.1,28.3,52.3,83.9,70,748.037
57.3,60.5,70.7,68.8,48,748.037
59.7,60.5,57,77.7,70,748.037
61.3,22.6,72.6,67.9,53.9,748.037
78.9,18.4,77.7,46.3,67.1,891.631
74.9,43,66.6,52.7,97.8,419.868
53.6,38.1,51.9,91.4,29.6,748.037
62,31.8,50.7,82.9,70,748.037
63.4,52.3,48.4,77.8,70,748.037
59.1,43.1,57.5,76.4,40.4,723.534
56.4,35.6,45.1,89.1,70,748.037
58.5,25.2,58.3,78.3,37.9,748.037
67.2,56.5,53.8,66,70,748.037
63.5,64,54.9,67.2,70,748.037
46.4,31.7,58.1,83.4,70,748.037
49.6,67.2,53.1,80.9,36.2,698.496
38.3,16.7,50.4,99.6,70,748.037
63.5,53.3,46.7,74.4,70,748.037
49.8,89.6,61.9,64.3,90.8,771.256
62,42.2,55.4,68.6,70,748.037
46.5,87.5,38.8,90.5,52.7,771.256
65.4,31.2,48.7,71.9,70,748.037
53.1,20.9,36.1,95.6,70,748.037
47.7,84.2,45.3,84.4,31.6,806.245
48.5,85.9,54.5,72.1,44.1,698.496
48.5,52.2,43.6,85.8,70,748.037
71.3,36.7,63.4,45.5,100,823.151
42.4,72.8,42.4,91.6,29.1,698.496
51.8,74.2,53.4,69,57.1,771.256
47.9,66.6,46.2,81.9,36.2,698.496
59.2,63.4,47.5,70.3,39.1,723.534
55.8,22.5,54.2,72,70,748.037
39.8,65.7,44.1,91,33.9,698.496
62.4,99.5,56.2,51.6,38.4,698.496
56.5,79.1,56.2,59.2,39,698.496
37.7,92.9,36.2,93.2,30.5,698.496
46.3,56.8,60.8,67.6,33.2,765.585
50.8,69,47.8,72.9,37.7,698.496
56.6,87.9,47,65,43.8,1296.412
54.6,24.4,42.9,79.2,70,748.037
44.7,70,58.7,68.5,70,695.607
42.4,87,36.6,86.3,70,806.245
60.6,39.6,43.1,70.2,70,748.037
52.4,21.9,52.2,70.1,84.2,748.037
50.2,91.3,37.1,78.3,45.8,1296.412
45.4,35.4,48.6,79.2,70,748.037
44.7,31,49.2,79.7,70,748.037
51.1,37.6,34.4,88.8,26.1,800.895
50.4,85.3,43.2,71.2,70,723.534
49,24.2,51.4,75.4,30.2,779.174
44.8,85.7,47.7,72.9,32.6,698.496
50.5,48,54.6,64.9,70,748.037
53.4,26.8,64.7,55.7,70,748.037
57,62.6,67.8,43.9,70,748.037
52.2,34.1,52.6,66.9,50.2,640.288
36.6,83.3,42.1,82.8,70,454.643
46.3,19.9,49.2,77.6,44,748.037
62.3,44.9,54.1,54.6,43,823.151
32.9,71.8,32.5,97.6,26.7,836.098
34.3,47.7,36.1,95.7,32.4,376.747
62.9,24.8,63.4,45.5,60.5,891.631
55.4,44.9,51.7,56.9,99.8,800.681
50.3,29.2,59,61.6,35.7,640.288
38.3,34.2,47.6,81,70,748.037
38.6,63,47.4,78.3,30.5,748.037
46.6,95.7,49.7,63.1,32.7,1296.412
57.7,29.6,62.9,45.2,97.7,780.779
52.2,50.2,46.2,66,43.4,419.868
39.7,91,44.1,73.5,38.9,698.496
50.4,30.4,52.7,63.7,70,748.037
46.2,64,46.9,64.6,95.5,870.766
52.8,24.7,59.1,52.8,97.1,780.779
43.5,73.8,41.9,74.9,28.8,698.496
47.3,40,54.9,59.3,100,800.681
53.7,71.6,58,49.7,44.5,695.607
45.6,55.1,50.3,65.1,61,698.496
36.9,70,49.2,75.9,31.7,765.585
61.7,20.1,63.4,40,73.4,891.631
32.9,70,48.3,79.1,27.4,695.607
60.3,20.1,62.5,41.2,82.3,891.631
52.4,46.2,41.4,64.3,79.8,723.534
48.6,31.7,59.8,54.8,70,748.037
39.9,66.6,42.1,73.1,41.5,1080.593
43.1,84.1,50.5,59.1,42.5,1296.412
48.9,62.7,49.2,58.4,40.3,698.496
56.1,70,49.4,51.9,70,695.607
47.6,30.6,51.6,58.5,81.4,800.681
51.9,30.7,37.2,71.5,26.4,800.895
34.1,54.4,41,79.3,49.3,698.496
34.1,22.3,33.7,91.9,30,585.29
43.4,52.6,53,58.8,55.3,800.681
58.5,24.3,48.8,53,70,800.681
34.8,94.3,39.2,71.8,61.1,777.034
50.3,73.8,50.7,52.1,34.8,698.496
29.5,19.3,28,99.8,36,283.122
49.6,77.9,62.2,40.7,39.5,765.585
39.4,82.9,45.7,62.4,57.2,836.098
37.8,86.1,45.2,64.6,47,698.496
55.5,47.4,67.7,29,99.4,800.681
41.2,88.5,35.8,70.6,27.4,698.496
42.7,80.5,42.8,63.6,31.1,698.496
49.5,70.7,48.9,51.2,60,771.256
35,44.1,33,84.7,40,585.29
48.5,37.7,42.5,63.2,70,748.037
49.3,23.2,49.6,58.2,49.6,748.037
67.3,16.3,41.7,48.9,50.1,748.037
39.4,58.6,43.6,65.5,70,800.681
38.4,16.8,51.9,61.3,100,748.037
43,24.1,44.1,66.9,70,748.037
40.1,31.6,33.6,78,70,748.037
46.1,21.3,50.6,58.9,37.5,640.288
65.1,24.7,44.7,45,70,748.037
42.5,38.2,49.2,60.2,38.8,800.681
40.8,59.8,47.8,59.6,40.6,698.496
38.1,33.4,55.6,57.3,61.5,870.766
46.2,50,48,55.6,38.3,698.496
48.7,40.3,40.9,60.4,70,723.534
41.7,35.5,56.4,54.1,34.2,800.681
46.2,29.3,34.7,70.2,41.2,419.868
39.2,56.1,37.3,69.5,41.6,723.534
39.9,70,35.7,70.4,70,723.534
43.6,96.3,51.7,45,40,746.753
42.1,62.8,40.4,62.8,29.7,698.496
46.8,74.8,44.1,52.5,38.4,698.496
44.1,45.8,45.7,58.3,26.1,870.766
50.9,46.1,44.5,52,27.8,723.534
39.4,87.1,38.8,60.5,40.8,771.256
46.8,46.8,33.8,65.3,29.4,723.534
53.2,57.9,54.4,32.9,98.7,640.288
50,63.8,42.5,48.9,56.6,723.534
39.5,27.2,39.5,66.4,43.9,376.747
40.4,62.8,42.5,57.9,32.2,698.496
49.9,62.4,48.3,42,49.8,800.681
42.7,93.6,40.1,51.3,70,723.534
45,47.3,35.4,60.7,40,723.534
37.9,99.5,34.8,60.2,35,768.153
45.9,57.8,36.3,57.3,32.3,723.534
45,60.6,35.9,58.2,27.4,748.037
43.6,18.9,40.4,61.5,32.5,748.037
43,28,48.7,52.2,40.4,823.151
41.6,44.9,50.2,48.8,70,695.607
49.1,64.2,56.2,29.2,100,765.585
47.6,63.2,45.7,45.6,27,768.153
33.5,15.9,33.3,76.8,26.3,748.037
57.8,51.8,46.8,34.7,70,748.037
54.6,29.6,41.3,44.3,70.3,419.868
32.9,51.9,44.2,60.2,37.9,695.607
43.3,70,49.5,41.7,99.9,765.585
95.7,56,98.2,99.9,97,748.037
95.8,67.5,97.4,99.8,35.9,748.037
94.8,57.2,98.9,99.8,63.8,748.037
89.5,91.9,96.6,97.9,62.1,698.496
91.5,49.6,99.1,100,81,748.037
90.5,85.3,94.2,97.3,55.5,698.496
92.7,79.2,87.4,100,94.4,748.037
88.8,92.2,88.7,93.9,93.1,698.496
89.4,58.8,90.8,99.4,70,748.037
82.8,50.4,99.4,99.4,62.5,748.037
92.3,55.5,91.2,96.7,34.7,748.037
89.1,67.6,81.8,97.8,70,748.037
85.9,41,92.5,97.3,70,748.037
78.9,59.9,86.5,97.3,100,748.037
79.1,97.5,85.8,87.2,70,1296.412
87,34.3,86.1,97.9,41.9,748.037
77.8,91.8,84.3,89,41.4,698.496
75.4,47.2,90,94.3,53.3,748.037
76.9,69,87.4,86.5,44.9,695.607
70.4,53.4,87.2,93.5,70,748.037
65.7,55,79.5,97.4,60.7,748.037
62.6,46.9,77.9,97.4,100,748.037
68.6,88.7,78.6,85.2,40.6,695.607
66.6,65,73.8,91.9,99.2,748.037
70.8,36.9,74,98.2,31.8,748.037
66.3,35.3,75.5,98.6,56.6,748.037
74.3,23.8,77.3,90.6,55.3,748.037
72.8,81.4,78.4,77.1,35.1,695.607
69.5,38.8,76.1,89.6,57.7,748.037
86.1,23,80.3,69.1,76.6,891.631
67.9,50.7,81.3,81.5,70,748.037
69.9,82,73.8,73.1,78.5,765.585
61.4,31.5,72,97.8,51.8,748.037
74,83.7,80.1,60.5,64.1,836.098
55,52.6,65.3,99.9,85,748.037
63,79.8,61.4,92.3,41.3,698.496
62.2,82.5,72.4,80.7,44.4,771.256
62.8,93.8,75.1,72.6,41.7,771.256
68,51.4,68.7,83.4,52.5,748.037
65.7,93,79,63.4,60.7,746.753
64,45.7,58.9,96.1,70,748.037
66.1,25.6,72.5,85.4,70,748.037
67.6,20.2,62.6,92.6,35.5,748.037
60.2,38.1,65.4,92.3,30.9,748.037
63.8,54.3,59.9,84.6,40.7,723.534
53.1,98.9,43.9,95.3,46.7,1296.412
66.4,96,75.4,50.6,41.1,698.496
59,80.4,61.1,75.6,37.7,698.496
59.8,33.4,53.6,93.9,34.9,748.037
82.3,51.7,64.1,51,99.9,419.868
53.5,29.5,66.7,83.4,61.6,748.037
76.4,21.1,72,56.3,71.7,891.631
56.4,25,51.9,92.3,100,823.151
60.7,37.2,46.2,95.6,27.6,748.037
65.8,41.1,48.7,80.2,99.3,748.037
49.8,90,54.2,80.9,40.8,698.496
61.8,42.2,56.2,77.5,49.9,748.037
55.4,88.1,65.7,57.2,92.1,771.256
54.3,26.5,53.9,88.7,37.5,748.037
56.6,66.2,33.5,96.4,44.7,800.895
56.7,87.4,45.9,78.4,43.5,1296.412
51,80.1,58.6,71,59,836.098
50.4,86.1,38.8,89.1,63,800.895
54,27.3,58.3,80.1,53.2,748.037
41.9,72,49.9,85.5,97.5,695.607
44.2,73.7,47.7,89.9,34.8,698.496
52.5,56.7,64.7,63,99.9,780.779
42.8,58.1,53.2,85.7,59.3,800.681
51.4,48,50.9,84.1,32.7,723.534
52.1,26.8,47.6,86.8,64.4,748.037
74.1,33.4,70.1,37.4,99.8,419.868
45.9,39.7,38,99.9,36.2,748.037
57.1,62.3,41.5,78.5,37.6,723.534
47.5,80.8,52.3,70.2,62.6,771.256
48.4,37.3,39.8,90.9,34.4,748.037
50.1,75.9,47.6,66.3,100,800.681
45.8,41.3,37.4,94.5,35.4,748.037
39.5,30.8,42.6,98.2,70,748.037
45.4,54.4,55.3,71.7,48.6,800.681
40.4,61.2,58.5,72.8,32.6,765.585
51.6,25.3,60,69,70,748.037
47,45.7,33.5,94.5,36.4,748.037
32.5,75.8,37.9,96.2,30.5,698.496
56.3,66.7,30.5,81.1,26.2,800.895
37.1,89.1,40.2,83,34.1,698.496
36.2,36.3,42.3,93.5,45.6,748.037
47.2,59.1,65.1,53.3,43.4,765.585
50,65.2,37.1,76.3,47.2,723.534
42.6,33.1,36.2,94.1,27.3,748.037
44.8,30.6,38.7,89.9,70,748.037
39.3,46.8,54.2,75.1,28.9,779.174
41.7,56.4,54.7,68.3,42.5,800.681
54.2,29.9,40.2,78.4,70,748.037
64.2,29.3,54.6,47.1,100,823.151
41.1,35.3,43.6,85.8,28.5,748.037
47.4,34,49.6,73.6,28,748.037
45.1,28.4,43,78.3,86,748.037
56.6,52.6,49.4,57.8,70,748.037
30.6,79.8,34.8,92,28.1,698.496
50.6,71.9,54.4,51.7,53.7,695.607
44.6,68.2,46,67.5,40.2,698.496
37.5,68.1,41,77.5,61.4,698.496
34.3,73.9,41.1,75.3,97.5,454.643
53.5,71.3,66.1,31.2,100,800.681
54.5,79.5,47,48.7,81.3,695.607
41.1,47.3,52.2,63.4,97.8,780.779
28.6,93.3,24.1,98.2,25.9,698.496
56,24.9,58.9,49.5,66.3,891.631
51.3,64.5,54.5,50.1,70,723.534
28.5,29.8,36.6,99.9,29.5,748.037
38.9,92.4,21.9,86,48.6,1296.412
43,77.6,34.6,73.5,38.2,1296.412
42.1,23.3,41,82.3,70,748.037
37.7,56.5,28.7,88.3,29.2,748.037
35.6,67.3,48,62.1,100,800.681
27.5,86.7,40.4,77.8,40.3,1296.412
40.5,75.8,48.5,57.1,62.2,771.256
30.3,89.4,23.5,91.7,29.7,806.245
61.8,21.1,56.5,40,75,891.631
57.7,25.6,55.7,42.9,78.9,891.631
47.7,53,56.4,48.4,25,794.796
36.7,72.7,38.8,71.6,33.9,698.496
46.8,37.7,34.5,73.7,70,748.037
64.6,16.3,50.8,44,42.6,823.151
30.7,69.3,49,64,67,870.766
46.7,25.9,59.9,50.9,70,748.037
38.2,26.1,39,80.3,28.7,748.037
29,88.8,28.6,83.7,36.6,698.496
35.6,78.3,35.5,72.5,39.3,698.496
34.9,97.5,39,65.1,32.7,1296.412
32.6,78.6,35.7,75.4,27.5,698.496
25,48.8,36,90.2,26.8,765.585
44.6,64.8,43.9,57.1,36.4,698.496
32.4,47.3,52.4,62.4,59.9,800.681
44.2,38.3,33.6,73.2,70,748.037
37.8,74.8,31.6,72.1,37,870.766
37,26.4,42.2,74.7,34.7,748.037
52.5,29.1,40.4,57.7,70,748.037
49.5,86.6,41.2,45.2,25.4,768.153
40.2,72.6,40,57.6,36.7,698.496
47.7,21.9,42.1,61.3,70,748.037
35.3,58.8,21.4,85.1,25.1,800.895
27.8,30,30.9,89.6,31,748.037
31.7,32.7,40.4,73.6,49,748.037
26.5,68.5,26.1,85.6,28,698.496
34.2,76.2,28.4,72.2,32.3,698.496
40,19.7,18.9,90.7,27,748.037
42.6,70.3,42.6,50.6,36,698.496
25.9,85.3,25.8,80.8,25.1,698.496
25.3,40.3,27.3,90.2,33.7,748.037
47,69.5,50.2,37.8,36.4,836.098
46.3,62.1,48.5,42.5,30.6,723.534
30.6,84.8,32.2,67.7,44.4,698.496
47.8,20.7,58.5,39.2,40,640.288
43.6,26.4,27,75.3,70,748.037
31.3,73.4,33.3,67.8,35.4,698.496
28.8,65,27.2,77.4,45,800.681
39.7,85.5,44.5,45,31.3,698.496
27.7,52.3,43.8,65.5,33.1,800.681
25.2,83.2,23.7,80.5,32.3,806.245
30.4,48,35.3,70.2,63.2,800.681
43.9,23.9,38.9,56.6,87.8,748.037
36.4,17.2,21.6,86.1,49.1,748.037
42.3,36,51.8,45.7,43.8,748.037
36.9,75.1,38.6,55.4,31.6,698.496
47.3,30.1,60.7,33,35,794.796
53.3,27.2,43.9,43.3,38.6,748.037
36.1,67.1,25.1,67.2,61.8,723.534
41.4,89.8,47.8,34.5,44.4,746.753
23.3,70.7,18.7,88.9,70,800.895
29.2,72.5,34.7,65.5,30.8,780.779
45.7,30.3,23.3,70.3,70,748.037
39.7,65,36.1,49.3,87.5,695.607
28.3,92.9,35,55.7,76.6,777.034
36.1,85.1,40.2,46.8,53.1,771.256
20.8,62.5,20.1,87.1,55.3,698.496
16.8,70.5,31.5,79.2,26.8,695.607
31.9,65.2,24.1,66.8,95.7,870.766
61.7,22.9,58,18.8,33.3,457.96
26.4,29.8,37.2,66.7,98,748.037
30.5,57.6,21.7,75.1,42.4,723.534
34.8,73.1,33.5,55.6,37.1,698.496
33.5,63.9,36.9,56.6,29,1080.593
32.8,28.3,30.1,70.4,49.2,748.037
38.9,49.6,34.8,54.8,36.9,695.607
23.4,54.3,16.1,87.6,37.6,585.29
40.9,82.1,39.5,34.1,100,765.585
34.4,58.1,24.1,67.6,31,723.534
35.7,55.6,18.7,67.8,81.8,723.534
32.1,90,35.8,47.8,58.7,771.256
29,73.5,26.6,65.2,42.1,1080.593
38.9,14.8,23.5,73.6,29.7,419.868
30.2,61.6,35,57.4,50.1,836.098
29,63.7,29.7,62.8,49.9,723.534
26.5,41.4,18.9,83.5,24.2,748.037
34.6,64.9,19.6,65.5,35.6,723.534
49,32.1,14.2,63.5,40.7,748.037
30.6,86.4,30.5,53.9,70,800.681
27.6,84.9,30.3,56.3,34.4,698.496
32.9,56.2,30.4,54.4,76.8,800.681
33.7,45.9,27.9,57.9,37,585.29
27.9,48.5,22.3,60.8,29.4,376.747
28.9,67.8,34,51.7,35.5,698.496
24.6,38.4,22.8,63.7,99.4,748.037
45.5,21.2,39.2,43.8,33.1,891.631
42.7,17.7,44.5,39.7,46.8,640.288
30.4,38,18.9,70,31.1,748.037
38.7,48.9,45,34,33.6,794.796
28,29.8,34.1,58.8,70,748.037
40.8,50.8,18.8,46.7,69.8,723.534
20.8,52,29.2,59.4,26.3,765.585
44.3,49.2,35.6,42,40.9,748.037
32.2,81.7,33.4,43.8,50.7,771.256
24.5,44.1,22.2,71.9,29.5,585.29
29,20.6,24.9,69,32.9,748.037
31.7,90.1,35.9,37,28.3,698.496
44.4,30.6,36.4,37.3,27.7,748.037
25.8,48.4,37.7,55.7,37.7,765.585
23.1,90.7,13.8,65.7,32.8,768.153
48.5,31,14.4,55.6,34.3,748.037
24.5,88.8,28,48,27.8,777.034
34.3,26,29.3,52.1,27.3,748.037
26.7,70.4,17.3,70.3,32.1,800.895
35.8,62.1,44.2,32.5,32.7,695.607
38.8,55.7,34.3,38.5,41.9,695.607
31.3,44,18,63,27.9,723.534
23.6,80.4,25.9,53.5,52.8,780.779
17,58.6,24.2,61.6,70,695.607
25.9,66,37.2,36.3,79.3,765.585
26.9,25.5,32,51.2,70,748.037
43.6,25,10.5,55.7,24.2,748.037
25.5,64.8,30.7,43,72.5,695.607
36.9,37.8,12.2,59.4,29.9,748.037
42.4,36.1,26.2,42.9,40.5,419.868
39.5,23.4,39.6,30.2,49.7,823.151
21.3,93,23.2,46.5,42.3,771.256
36.4,24.2,44.5,25.1,100,640.288
19.6,56.8,30,53,37.6,695.607
25.7,25.9,30.8,53.5,92.9,748.037
28.9,43.5,22.2,49.8,100,765.585
19,17.8,10.3,84.3,27.6,891.631
32.7,34.9,22,52.1,32.2,740.975
34,42.7,34.4,39.7,39.5,695.607
35.2,56.3,21.3,50,27.4,723.534
37.1,34.3,24.3,51.3,35,740.975
22.5,33.2,12.3,78.3,35.6,740.975
38.5,26.9,33.7,37.7,26.5,748.037
24.2,34.3,26,56.2,31.1,740.975
16.7,45.5,12.9,76.9,31.3,740.975
41.5,23.3,33.6,36.9,47.9,823.151
24.9,67.1,23.8,48,29,698.496
19.1,45.2,17,61.6,28.6,723.534
17.4,89.9,20.3,51.7,30,698.496
30.1,62.5,37.3,22.2,72.8,836.098
18.4,56.6,11.1,62.8,73.4,768.153
46.8,19.5,30.7,23.2,75.1,891.631
40.9,25,24.2,42.3,42.9,419.868
24.9,16,30.4,48.5,42.1,640.288
26.9,57.7,26.9,41.5,49.7,1080.593
26.5,89.5,21.3,42,41.9,698.496
34.9,46.6,28.3,36,59.7,723.534
25.4,44.4,30,36.6,99.6,454.643
22.6,69.1,49.4,23.6,36,800.681
27.3,49.2,13.8,57.4,31.9,723.534
25.2,80.6,23.2,39.9,38.9,698.496
24.9,63.8,14,55.1,25.5,768.153
31.3,34.6,29.2,44.3,70,748.037
29.3,47.3,20.9,52.1,33.6,723.534
19.7,73.7,12.4,58,67.9,870.766
23.6,35.9,36.7,44.2,31.1,748.037
25.6,71.7,32.4,32.7,100,454.643
37.2,27.2,26.2,41.4,32,891.631
21.4,88.7,23,43.5,40.4,771.256
16.5,89,21.5,51.1,25.8,777.034
36.9,25.1,40.4,30.3,24.2,748.037
34.7,24.6,16.4,55.2,70,748.037
19.8,63.8,15.5,56.6,35.5,698.496
28.8,39.7,21.4,47.5,32.5,585.29
44.5,18.8,34.3,21.6,38.7,891.631
20,58.9,11.2,59.7,25.3,836.098
25.1,18.9,18.2,48.9,99.1,376.747
47.9,53.3,27.5,11,80,380.064
37,23.5,28.9,35.1,43.2,376.747
24.3,52.9,8.7,62.3,24.9,800.895
21,76.7,26.7,35.5,62.5,771.256
52.3,19.1,33.1,15.2,43.2,457.96
33.3,20.7,14.3,50.5,42.1,419.868
28,71,15.5,39.2,45.1,723.534
42.8,18,22.6,36.7,40.8,891.631
24.4,63.5,14.4,53,32.8,1080.593
21.8,70.7,10.9,55.3,56.2,780.779
13.1,42.6,12.6,66.7,33.2,606.262
24.2,33.3,31.4,38.6,48.9,695.607
10.7,56.9,17.3,62.4,75.4,1089.902
33.2,23.5,20.1,43,27.6,748.037
38.7,18.3,28.4,35.2,70,748.037
27.8,43.3,18.5,49.1,35.1,723.534
18.2,76.3,27.1,35.8,64.8,771.256
14.1,22.6,15.4,70.3,25.3,748.037
21.9,49.7,20,51.5,51,740.975
19.9,57.7,27.7,41.2,41.7,695.607
19,75.3,20,27.1,36.4,870.766
26.2,49,22.2,37.5,61.9,779.174
15.2,31.6,7.8,61.4,34.5,283.122
27.9,47,32.2,15.7,28.5,794.796
18.7,30.8,20.3,46.2,29.5,748.037
24.5,36.2,19.7,45.7,34.7,376.747
16.4,46.7,19.4,52.6,31.3,771.256
32.3,51.4,24.6,31,24.5,482.784
29.3,23.8,17.7,42.6,25.1,748.037
43.8,14.3,15.7,38.8,24.2,258.619
25.1,39.5,16,43.1,25.8,418.691
18,62.6,18.1,39.8,28.1,698.496
32.3,18.3,21.9,26.1,40,891.631
15.9,26.9,13.9,58.3,24.6,748.037
20.2,26.5,18.1,44.9,38.6,748.037
19.6,48.6,18.9,42.8,31.8,765.585
24.3,15.6,37,19.4,42.9,640.288
12.9,49,13.7,58.1,25.8,698.496
24.1,33.6,17.6,33.9,69.8,740.975
29.6,32.4,27.2,29.2,32.8,740.975
39.4,20.5,29.7,19.1,85.2,419.868
28.5,12.7,29.7,19.3,93.1,383.06
31.4,26.6,32.1,23.9,99.4,823.151
20.6,77,19.2,29.4,36.8,806.245
17,48.4,15.9,40.9,34.7,539.173
17.3,76.3,24.3,30.5,26.6,777.034
23.2,33.5,16.1,51.1,30.2,779.174
15.8,37.1,14.1,59.3,34.3,740.975
12.2,76.5,7.7,55.5,27.1,698.496
36.5,27.7,23.6,23.6,31.2,748.037
14.5,66.2,16.7,40.2,28.1,698.496
23.5,68.7,16.4,38.9,64.8,780.779
29.5,40.2,31.7,27.7,40.7,695.607
17.6,18.6,14.5,52.8,29.9,748.037
14.5,26.8,15.7,50.8,27.9,740.975
33.8,20.7,16.1,31.6,32.3,748.037
18.3,26.2,18.5,50.8,35.3,740.975
17.7,42,13,43.9,33.7,539.173
22.1,15,30.1,36.6,94.4,748.037
18.2,69.5,22.2,42,26.6,698.496
32.6,81.5,25.2,12.4,46.9,698.496
22.5,38.3,22.1,44.4,55.1,779.174
18.5,70.5,15,34.9,42.1,771.256
15.8,36.4,10.2,64.3,32.1,585.29
13.3,87,13.9,47.8,24.5,777.034
21.6,35.8,15.7,44.3,70,418.691
26.3,82.5,14.1,24.3,35.2,768.153
23.4,49.4,21.1,36.7,66.2,780.779
28.8,31,24.5,33.5,34.3,748.037
38.8,13.9,27.2,23,84.4,419.868
16.2,84.5,19.9,11.7,26.8,698.496
33.7,22.5,18.7,10.3,47.3,748.037
20.8,28.5,17,25.5,30.8,748.037
17.1,91.4,12.3,28.7,31.3,771.256
17.7,56.3,16.8,26.2,27.9,771.256
18.2,59.9,19.1,20.3,36.2,771.256
19.6,27.9,20.2,34.4,39.1,748.037
15.7,79,16.2,20.3,30.7,771.256
29,21,12.5,21,97.2,419.868
21.5,82.6,16.2,18.8,41.1,698.496
27.7,18.8,16.3,20.1,39.4,891.631
20.9,23.6,13.8,33.9,36,748.037
28.3,18.1,15.5,24.3,33.5,891.631
37.1,31.4,17.9,6.6,79.9,823.151
19,71.3,19.5,13.6,28.9,771.256
28.2,51.4,15.9,21.7,38.9,723.534
12.3,52.6,9.3,48.4,26.9,698.496
27.9,66.7,25.7,9.2,39.4,698.496
29.9,45,14.7,20.9,29,508.678
17.4,77.8,17.2,24.5,70,777.034
21.2,32.3,13.8,24.8,41.9,748.037
24.7,22.2,21.4,27.1,78.6,640.288
12.5,14.3,19.7,31,68,640.288
17.9,72.6,12.2,31.3,32.7,806.245
22.9,74.8,18.6,22.1,27.1,806.245
17.1,41.3,14.5,26.4,37.5,748.037
18,48.3,10.9,28.3,38.3,539.173
17.1,27.3,12.5,46.9,70,748.037
23,42,12.5,23.3,44.6,585.29
19.3,32.4,12.1,29.1,67.6,740.975
19.6,23.6,9.8,45.3,36.6,585.29
17.1,45.5,16.3,30.1,29.7,510.711
37.6,38.1,19.7,3.1,26,380.064
17.6,63.3,18.1,25.6,28.8,698.496
15.5,64.6,11.3,35.6,40.3,771.256
26.5,18,15.8,21.7,41.5,891.631
23.1,30.5,17.4,35.1,30.6,740.975
20.6,55.8,11.6,27.4,29.4,539.173
29.4,27.4,16.2,24,25.5,748.037
15.6,82.5,18.5,19.1,26.5,698.496
13.4,59.9,11.8,39.4,24.2,800.895
26.5,24.4,19.1,27.2,73.1,740.975
20.6,81.8,18,19.4,87.7,771.256
24.4,63,17.7,19.3,33.1,698.496
17.8,42,17.8,34.4,26.3,545.807
20.4,41.4,21.5,28.9,32.3,779.174
18.4,21.8,20.9,36.7,29.8,748.037
14.5,28.8,9.3,38.4,42.9,585.29
25.4,27.1,17.3,29.7,27.3,891.631
31.3,21.7,12.9,25.3,66.7,419.868
10.8,12.8,9.6,58.3,29.2,640.288
96.3,59.8,99.4,99.7,95.6,748.037
95,56.6,98.8,99.3,62.4,748.037
89.7,88.7,98.1,95.6,79.8,698.496
94.9,63.7,98.6,99.2,39.9,748.037
92.9,81.6,89.2,99.9,92.9,748.037
89.5,54.5,99.4,99.8,79.5,748.037
91.2,83.6,95.6,96.2,59.1,698.496
88,91.4,90.9,93,87.5,698.496
85.1,49.7,99.3,99.3,65.4,748.037
89.6,55.3,92.9,98.7,70,748.037
93.2,54.7,92.5,94.8,38.2,748.037
82.5,95.7,92.7,86.6,70,1296.412
87.3,42.3,93.8,95.9,70,748.037
89.7,66.1,82,96.1,70,748.037
90,38.1,89.4,96.2,43.7,748.037
81.8,57.3,85.5,95.3,100,748.037
83.5,89,88.8,86.8,45.1,698.496
77,53.8,92.1,91.8,39.5,748.037
77.6,33.8,87.3,98.2,64.4,748.037
76.1,47.6,91.4,91.6,53.9,748.037
79.6,65.1,89.4,85.1,42.9,695.607
71.8,51.4,87,95.5,55.9,748.037
72.3,45.8,81.5,97,100,748.037
74.7,39.1,81.3,97,41.3,748.037
70.2,66.3,79.5,90.3,74.9,748.037
75.5,42.1,80.7,91,57.9,748.037
87.9,27.6,89.9,71.3,59,891.631
68.4,77.2,82.5,83.7,67.6,771.256
74.4,92.3,87.2,67.2,77.4,746.753
69.1,82.1,80.4,84,42.4,695.607
76.1,29.8,80.1,88.2,54.8,748.037
68.4,78.9,71.3,90.8,43.8,698.496
74.2,36,84.9,80.8,70,748.037
74.4,75.9,80.4,75.2,40.3,695.607
56.1,58.3,73.5,99.4,100,748.037
78.4,81.7,85.9,62.1,62.5,836.098
68.6,90,83.5,73.5,39.6,771.256
63.4,34.2,79,96.2,43.9,748.037
70.8,87.2,80.8,66.5,42.9,698.496
62.4,98.8,57,95,49.8,1296.412
73.8,38.7,67.4,89.2,29.5,748.037
66.3,64.5,75.7,77.3,71.4,765.585
70.4,32.9,69.3,90.1,40,748.037
67.9,51.7,71.6,82.7,52.5,748.037
66,44.3,62.8,95.2,70,748.037
81.5,54.1,67.9,64.3,99.9,419.868
66.1,28.7,74,84.7,70,748.037
65.4,54.7,66.5,85.5,42,723.534
65.9,77.9,67.7,76.9,43.2,698.496
63.9,28.8,63.9,88.2,100,823.151
63.7,36.9,60.3,94.1,29.9,748.037
74.5,37.2,76.4,55.2,99.2,419.868
66.7,46.3,60.9,80.1,49.5,748.037
65.4,39.2,50.9,94.2,30.6,748.037
77.1,26.3,74.8,57.8,76.4,891.631
68.4,43.4,57.1,81.9,33.5,748.037
53.5,86,59.3,82.8,42.4,698.496
59.7,56.6,71,67.2,99.7,780.779
76.7,27,81.4,48,81.7,823.151
61.6,67.3,46.9,90.3,47.2,800.895
55,34.9,69.2,81.4,59.7,748.037
59.5,83,70.1,62.9,69.2,771.256
56.5,83,54.7,80.7,75.8,800.895
54,54.8,67.1,78.4,46.1,800.681
56.9,78.1,64.6,68.9,55.6,836.098
54.4,77.8,66.1,69.6,64,771.256
48,47.3,64.7,82.4,82.6,800.681
69.9,31.1,68.9,58.4,100,823.151
59.8,54.8,71.9,63.1,70,748.037
50,51,52.5,92.5,34.4,723.534
54.9,79.2,53.7,73.8,100,800.681
44.5,62.8,64.1,80.2,62,800.681
57.1,31.7,62.6,77.8,52.8,748.037
50.1,71.9,51.7,85.4,38.7,698.496
49.5,59,39.3,100,36.5,748.037
54.6,29.4,55.1,85.2,39.3,748.037
59.9,67.7,75.1,45.1,99.9,800.681
61.4,61.3,49,75.5,40.7,723.534
56.7,36.6,44.4,90.9,38.3,748.037
42.3,77.7,44.5,93.3,34.3,698.496
59.2,64.4,43.5,80.6,28.6,800.895
43.6,64.4,61.3,77.1,34.2,765.585
45.6,57,61.3,75.1,49,800.681
54,74.6,57.9,60.9,95,695.607
52.6,84.8,63.8,56.7,50.5,771.256
45.7,90.5,66.9,54.5,99.5,746.753
52.6,39.6,36.4,94.8,39.4,748.037
42.3,66.9,47.9,81.7,98,695.607
43.8,49.8,61,71.6,85.2,800.681
50,84.1,41.6,80,38.3,1296.412
42.3,34.7,44.4,97.1,70,748.037
48,63.9,45.9,82.9,28.4,800.895
46.4,49.1,56.7,71.3,95.9,780.779
51.8,36.8,56.8,73.8,32.6,748.037
48.3,41.6,39.6,93.5,29.8,748.037
44,35.2,47.2,90.3,42.1,748.037
44.9,40.4,51.4,83.9,32.1,748.037
47,31.3,53.7,76.9,83.9,748.037
55.4,57.5,58.7,59.5,70,723.534
47.8,66.4,60.6,60.9,70,771.256
50.9,27.9,61.3,69.5,35.8,748.037
46,45.9,37.8,92.3,39.6,748.037
41.9,71.9,43.9,83.4,38.4,698.496
56.5,34.2,42,80.4,70,748.037
51.2,61.5,42.4,76.5,49.7,723.534
48.6,56.3,63.9,58.2,44.1,765.585
51.5,27.5,40.9,85,53,748.037
43.2,86.3,43.8,76.6,38.9,698.496
42.8,48.3,53,77.7,31.1,779.174
41.9,84.5,33.5,88.1,32.8,806.245
49.5,68.1,46.2,71,41.5,698.496
34.9,76.7,39.5,91.1,32.1,698.496
34.7,75.1,45.5,79.7,87.3,454.643
44.1,69.8,51.8,63.8,100,800.681
39.7,85.2,53.2,62.5,99.1,800.681
35.7,66.4,54.6,71.6,69.7,870.766
31.3,52.2,43.8,93,32,765.585
55.9,27.9,43,73.5,48.6,748.037
30.5,92.5,27.7,99,31.9,698.496
48.1,70.1,50.8,62.8,38.3,698.496
50.9,67.6,53.9,56.6,50.6,695.607
32.1,32.5,39.6,99.9,70,748.037
52,31.2,62.9,56,70,748.037
53.7,62.6,63.1,45.1,44.5,836.098
47.5,31.5,35.9,87,38.6,748.037
48.9,80.9,50.5,58.8,35.3,698.496
35.7,53.4,54.3,73.3,41.7,800.681
53.1,60.9,56.5,51.5,32.8,723.534
58,29.6,56.1,52,65.3,891.631
42.2,73.5,40.4,74.3,39.7,870.766
33,82.7,44.8,76.2,45.8,1296.412
37.9,77.4,38.9,79.2,41.8,698.496
36.2,95.3,42.5,73.1,32.4,1296.412
48.3,36,44.2,72.5,70,748.037
56.4,24.6,65.7,45.5,44,640.288
43.3,25.2,41.3,81,63.3,748.037
48.8,50.3,55.8,57,33.6,794.796
57.7,32,55.6,48.9,80.7,891.631
37.3,69.7,40.2,78.1,44.1,698.496
47.5,86.1,49.7,49.1,100,765.585
40.5,47.1,45.1,74.2,58.5,800.681
37.1,89.8,23.2,87.8,64.2,1296.412
41.5,66.6,48.6,65.8,41.3,698.496
48.3,54.9,33,72.4,81.1,723.534
37.7,76.2,40.9,73.2,31.8,698.496
33.1,87,30,85.4,42.7,698.496
59.5,23.6,55.7,46.4,69.6,891.631
38.4,27.4,45.2,79.9,31.8,748.037
37.9,77,30,76.9,98.7,870.766
34.5,52.4,33.2,88.7,70,748.037
46.3,64.5,38.9,63.4,82.9,723.534
43,77.3,36,69.7,42,1296.412
33.2,74.1,38.1,78.1,37.1,698.496
45.3,53.9,32.4,73.8,63.1,723.534
29.1,62.8,32.5,90.3,33.5,748.037
46.4,47.2,58.3,49.3,45.5,748.037
51.7,28.4,30.1,78.8,70,748.037
50.7,39.5,59.8,43.7,49.2,794.796
44.8,69.7,46.7,56.3,38.4,698.496
63,24.5,65.7,30.2,40,457.96
34,88,40.9,64.2,76.6,777.034
38.8,52.8,29.9,82.9,31.6,748.037
44.3,86.3,46.7,52.4,29.1,768.153
38.6,64.3,40.5,68.8,34.5,780.779
30,37.3,41.6,76.6,97.7,748.037
31.9,66.8,27.1,87.9,70,800.895
32.6,46.8,32.2,85.2,40,748.037
48.1,36.6,28,77.1,30,748.037
49,26.4,40.9,65.7,70,748.037
40.8,61,25.9,79.6,28.9,800.895
40.9,54,26.1,80.4,70,723.534
38.7,73.7,37.5,64.8,46.4,698.496
40.8,58.1,41.4,63.1,43,695.607
56.4,32.9,35.6,59.8,70,748.037
36.2,32.9,40.2,73,66.8,748.037
31.9,84.1,34.3,71.5,48.9,698.496
37.3,82.2,43.7,55.9,63.2,771.256
29.6,68.9,27.7,85.5,30.7,698.496
39.3,72.4,41.1,61.3,35.2,698.496
36.6,56.3,26.5,81.8,36.3,800.895
37.9,74.4,30.5,72.1,37.4,698.496
35.2,64,41.8,64.1,53.6,836.098
48.3,33.4,50.6,48.6,56.1,823.151
24.9,51.2,22.5,94.3,66,748.037
53.9,29.1,42.6,52.9,40.4,748.037
41.3,25.8,22.6,87.1,29.9,748.037
31.1,76.5,31.8,74.9,35.3,806.245
35.8,61.5,46.4,55.6,79.7,800.681
46.2,27.7,39.6,59.7,77.1,748.037
35,88.4,39.9,55.7,60,771.256
37.5,19,22.4,89.1,48,748.037
33.8,58.5,35.5,64.8,100,780.779
35.7,30.5,34.3,74.9,44,748.037
44.8,55.9,50.2,44,40.8,794.796
48.7,33.1,27,69.7,70,748.037
33,83.7,32.5,66.5,34.9,698.496
20.2,65.9,33.7,82.7,30.6,695.607
46.3,50.7,40.6,52.1,42.4,748.037
33.3,57.6,29.7,73.9,41.4,723.534
27.6,83.2,30.5,72.8,29.4,698.496
39,47.1,35.7,62.8,37.3,585.29
27.3,45.3,27.9,83.1,37.4,748.037
32.5,68.1,38.2,60.2,39.8,698.496
45.3,38.6,39.5,51.3,46.3,419.868
33.5,57,18.4,85.2,70,723.534
63.5,50.3,48.1,19.7,70.1,380.064
50.8,28,46,44.6,50.6,376.747
44.2,25.3,39.2,53.3,35.5,891.631
40.1,41,21.2,76.4,33.8,748.037
27.3,49.9,23.2,77.5,34.2,585.29
39.5,58,35.4,51.2,77.3,695.607
20,57.9,22.6,89.7,44.1,698.496
47.1,30.9,48.7,39.3,98.7,823.151
38.2,56.6,54.5,33.7,54.8,800.681
32.5,46,33.4,71.4,30.9,585.29
24.8,66.6,23.2,81.1,49.9,698.496
35,49,18.7,74.6,45.2,723.534
45.4,36.2,40.1,46.8,31.3,748.037
28.3,48.4,41.9,63.8,38.6,765.585
36.6,88.7,17.9,71.6,38.2,768.153
32.6,58.5,35.6,64.5,51.9,723.534
33.5,59,39.8,62.3,31.4,1080.593
39.2,22,27.7,72.7,50.1,419.868
29.7,68.3,29.2,72,34.8,800.895
36.3,56.3,25.1,73.8,31.6,723.534
34.7,42,30.5,60.1,39.9,376.747
18.3,56.8,26.7,75.1,70,695.607
29.9,65.3,41.5,47.7,78.5,765.585
16.2,58.4,11.9,92.5,28.7,748.037
49.4,32.6,17.5,62,43.6,748.037
44.2,16.1,45.3,39,72.4,258.619
44.7,27.3,43.7,39.4,52.1,823.151
20.4,52.8,22.3,79.2,37.9,376.747
36.4,54.4,27.3,57.5,56.6,695.607
39.5,62.4,25.6,51.7,99.4,800.895
20.9,18.8,10.6,100,59.6,380.064
45.5,20.1,44.1,44.4,44,640.288
24,55.6,35.3,61,41.6,695.607
37.8,64.4,31.8,44.4,84.4,723.534
42.8,31.2,22.6,66.8,70,748.037
28.3,71,26.8,66.2,41.1,1080.593
37.3,62.2,35.8,47.1,42.8,695.607
34.9,23.9,26.5,69.5,35.8,748.037
40.4,30.8,45.8,45.2,31.1,748.037
28.8,85.4,30.9,54.8,37.2,777.034
32.6,19.7,42,48.4,98.9,748.037
28.6,65.1,38.3,49.8,98.4,454.643
34.7,58.3,42.1,41.8,39.4,695.607
39.4,51.3,37.2,44.8,44.6,695.607
33,44.8,19.4,70.9,30.4,723.534
25.6,78.2,30.6,59.3,54.9,780.779
34.4,52,26.8,50.1,73.7,779.174
30.2,59.1,29.8,54.3,65,695.607
34.6,65.4,41.2,39.8,42.2,836.098
47.3,19.9,33.1,45.6,52.7,258.619
22,86.8,29.6,54.8,37.2,771.256
41.3,48.4,25.3,52.1,47.7,419.868
39.6,27.2,49.6,31.5,99,640.288
34.2,57.5,27.7,50.8,45.2,1080.593
27.6,69.2,37,47,58.9,771.256
51.7,20.9,46.8,26.5,44.9,457.96
31.5,47.8,35,48.9,96.6,454.643
19,19.6,9.8,97.1,31.1,891.631
23.5,52.4,34.5,59.6,29.7,765.585
42.5,40.5,29.7,50,32.6,748.037
33.7,86.4,34.6,39.6,31,698.496
11.4,59.9,28,71,74.4,1089.902
32.1,44.6,27,62.5,35.6,723.534
36.3,35.7,24.2,61,38.2,740.975
26.1,36.2,21.1,76,39,740.975
35.9,43.2,20.4,63.6,38.2,723.534
31.5,30.2,21.7,70.4,70,748.037
19.6,48.5,14.3,82.2,33.6,740.975
22.3,84.8,29.1,55.6,43,777.034
44.8,71.4,32.4,34.2,65.5,768.153
23.8,63.1,21.7,64.3,34.9,698.496
27.6,70.3,25.7,53.8,31.6,698.496
25.6,50.4,14.9,72.1,35.4,723.534
27.4,47.5,20.3,63.5,35.1,723.534
35.4,36.7,33.9,48.1,38.4,376.747
30.8,29.8,32,55.8,70,748.037
34.7,36.6,14.9,65.1,34.7,748.037
34.9,20.8,25.5,52.9,98,376.747
22.2,54.2,25.8,64.4,32.8,800.895
27.1,34.2,24.2,64.1,31,748.037
28,87.1,23.8,52.2,48.1,698.496
36.7,48.3,32.9,42.4,54.3,723.534
43.4,20.7,37.9,31.3,76.1,419.868
28.4,46.8,25.3,54.6,99.8,765.585
47.5,21.9,21.6,47.1,45.4,891.631
29.7,48.9,15.6,63.9,36.1,723.534
28,75.9,28.8,50.2,42.8,698.496
34.4,37.6,27.4,53.9,35.1,740.975
36.1,28.1,20.5,57.2,34.5,748.037
28.9,24.9,14.9,72.1,34.1,748.037
21.1,70.5,29,49.8,72.9,771.256
37.5,31.3,28,53.2,30.8,748.037
18.6,67.3,19.6,67.3,75.5,870.766
28.7,51.2,21.9,62.1,45.3,740.975
22.6,36.3,23.4,66.2,40.4,740.975
38.5,27.8,44.4,37.2,27.9,748.037
32,45.7,24,51.9,34.7,585.29
19.3,89.4,20.1,58.2,33.4,698.496
34.7,50.3,26.2,42,28.1,482.784
23.6,50,17.1,62.6,70,800.895
42.4,26,9.3,61,70,748.037
45.1,24.9,34.2,32.3,41.3,891.631
22.9,62,15.1,57.6,29.6,836.098
22,59,13.8,59.3,70,768.153
19.7,71,10.3,63.4,40.2,509.427
44,21.7,28.8,30.7,73.1,891.631
21.1,47.7,27,53.3,38,765.585
23.7,66.2,13.4,66,33.2,768.153
19.4,83.3,18.9,49.6,44.2,771.256
33.1,22.9,40.3,30.4,99.9,640.288
27.9,23.9,32.5,48.5,43.9,640.288
22.6,69.3,19.8,51.9,41.1,806.245
34.8,29.2,28.8,47.6,35.7,748.037
27.2,38.1,23.8,47.7,68.1,740.975
36.1,45.8,12,59.6,44,419.868
35.3,33.2,30.6,39.1,36,740.975
32.9,16.7,42.8,34.2,93,383.06
30.2,27.8,30,52.9,70,748.037
33.1,24.2,17.8,52.2,43.5,419.868
21.7,61.8,19.4,56.4,29.1,1080.593
25.3,71.5,19.5,47.4,38.8,806.245
19.9,88,24,48.4,49.8,777.034
17.1,44.4,16.3,68.6,34.1,606.262
22.4,39.5,19.1,58.1,36.7,779.174
20.8,59.5,11,69.4,70,1296.412
26.9,59.7,17.6,57.4,29.5,768.153
24.4,39,31.3,48.2,48.1,695.607
39.1,21.7,27.8,45.5,70,748.037
31.6,38.6,32.4,44.4,43.5,695.607
19.4,32.6,16.4,65.2,32.6,748.037
21,37,21.4,64.5,31.7,740.975
25.6,34.4,18.3,56.3,60.6,740.975
22.6,29.6,23.2,63.8,39.4,740.975
12.8,70.2,10.5,72.3,29.2,698.496
28.4,81,25,34.1,83.7,771.256
25.6,35,23.9,51.2,49.3,779.174
39.9,30.7,26.2,45.3,33,891.631
28.5,19.9,20.6,58.6,70,748.037
17.7,85.6,19.9,61.9,28.2,777.034
22.5,83.7,27.3,47.4,54,771.256
26.7,48.4,26.8,53.8,37.5,780.779
29.9,33.9,30.6,47.1,55.8,748.037
34.3,28.1,16.2,58.4,70,748.037
20.9,50.7,30.1,50.5,41.9,695.607
40.3,20.1,34.5,32.6,89,419.868
21.7,67.2,24.9,41,39,870.766
23.3,30.7,21.9,51.1,33.4,748.037
17.2,44.3,15.3,53.3,32.5,771.256
20,68.4,22,47.1,30.1,771.256
22.4,59.8,24.2,38.4,39.1,771.256
27.2,34.9,19.7,53,28.2,748.037
20.7,84.2,21.4,42.1,48.4,698.496
30.4,15.6,13.7,45.8,70.4,258.619
22.7,41.7,13.8,48.2,29.5,418.691
16.3,64.2,18.8,55.1,31.7,698.496
32.5,22.2,28,39.7,43.1,891.631
11.3,23.8,10.2,68.4,60.2,508.678
26,30.4,19.7,50.6,40.1,748.037
36.6,48.2,19.1,35.1,40.3,723.534
33.4,63.9,32.7,24.7,40.7,698.496
19.2,73.3,19.2,37.6,66,777.034
31,33.2,31.6,24.6,36,349.997
25.2,27.9,26.5,38.3,84.8,640.288
26.8,18.8,42.5,33.1,46.8,640.288
25.7,69.2,23.9,28.1,30.8,806.245
22,57.6,12.7,50.6,29.4,800.895
21,26.1,12.1,59.4,39.3,585.29
18.6,35.2,9,67.3,70,748.037
37.2,20.1,18.8,43.3,70,748.037
21,48.7,21.1,49,39.9,539.173
24.4,50.2,14.7,54.7,41.1,723.534
19.2,41.4,13,58.5,37.7,740.975
13.4,77.2,9.1,63.1,28.9,698.496
37.5,32.6,25,35,35.7,748.037
24.3,49.7,15.8,44.6,71.2,779.174
21.9,56.2,20.2,40,28.5,454.643
21.9,67.8,16.9,48.4,55.9,780.779
17.6,44.1,19.7,51.2,32.2,539.173
17.3,30,16.6,58.5,32.3,740.975
36.8,24.2,17.8,42.9,33.9,748.037
26.2,43.2,21.1,50.2,36.2,539.173
29.1,28.4,21.3,40.6,51.3,740.975
18.2,63.7,23.7,50.3,29.8,698.496
26.3,63,21.6,33,35.8,698.496
31.1,80.4,25,21.6,45.4,698.496
18.6,42.4,27.4,52.4,30.1,545.807
19.5,68.4,17.5,47.2,44.8,771.256
20.7,74.7,21.5,34.7,33.9,771.256
17.3,28.6,17.6,66.2,32.2,748.037
15.5,53,11.4,68.2,28.4,322.605
17.2,40.8,14.5,62.8,32.5,585.29
19.4,26.9,9.5,63.7,36.6,585.29
23.2,39.8,18.4,54,27.9,418.691
18.6,28.1,24.2,47.5,30.9,748.037
28.9,32.8,21.3,37.8,30.8,891.631
94.4,65.8,98.2,99.8,91.2,748.037
95.3,66.2,98.5,99.1,40.6,748.037
89,90.2,98.5,95.4,90.3,698.496
94.7,68,96.8,99.1,61.3,748.037
92.9,82,89,100,94.3,748.037
89.9,59.6,97.6,99.7,80.5,748.037
90.6,86.7,95.3,95.7,52.8,698.496
83.2,57.3,97.5,99.3,59.5,748.037
85.6,58.6,88.2,98,70,748.037
84.5,91.8,88.1,90,72.3,698.496
89.5,57.6,90.5,93.5,38.7,748.037
84.8,46.4,91,95.6,70,748.037
86.6,68,79.1,95.6,70,748.037
77.6,96.7,88.2,85,78.8,1296.412
75.7,59.3,85.1,95,100,748.037
79.8,40.6,81.2,95,45.2,748.037
73.9,50,73,96.7,100,748.037
70,49.5,86.2,90.8,53.5,748.037
72.1,55.6,83.8,90.8,35.8,748.037
73.6,70,81.5,84.5,45.8,695.607
70.5,90.2,77.5,84.1,46.8,698.496
70.2,34.4,76,97.1,61.9,748.037
84.7,29.6,88,69.8,56.7,891.631
63.1,58.1,77.4,93.9,52.5,748.037
65.6,43.2,69.2,95.6,43.1,748.037
68,94.3,77.8,66.4,64.3,746.753
64.7,42.4,69,91.3,59.6,748.037
59.4,67.8,68.6,87.9,71.3,748.037
66,41.1,78.9,79.4,70,748.037
69.8,32.3,67.7,87.2,51.2,748.037
59.9,84.2,67.9,83.7,43.1,695.607
65.2,81.7,74.2,69.2,43.6,698.496
47.8,61.8,58.2,99.4,86.7,748.037
57.1,81.3,64.2,80.2,65.1,771.256
61.5,77.8,68.1,74.5,40.8,695.607
58.1,73.2,67.7,76,68.7,765.585
52.9,98.2,48.3,95.9,49.2,1296.412
56.2,86,56.8,87.6,38.3,698.496
56.6,81.5,56.9,87.6,42.5,698.496
65.4,41.8,58.4,87.9,29.9,748.037
52,35.6,63,96.7,48.4,748.037
59.5,44.6,52.9,96.4,70,748.037
61.6,80.3,69.9,61.5,56.9,836.098
76.4,29.4,79.2,47.3,86,823.151
72.3,60.6,58.1,62.8,99.9,419.868
61.4,31.7,62.7,81.2,70,748.037
57.6,35,55.3,90.2,39.1,748.037
51.8,91.4,65.1,71.2,44.8,771.256
55.3,33.7,65.9,79.4,60,748.037
56.5,44.2,46.1,95.3,31.1,748.037
66.8,42.6,65.9,59.9,99.9,419.868
55.4,37.7,52,91.3,33.5,748.037
69.5,27.5,69.5,58.2,78.7,891.631
55.5,53.7,56.4,81.2,51.3,748.037
55.4,56.3,54.1,83.3,41.4,723.534
65.6,34.3,60,67,100,823.151
52.4,77,59.7,72.3,58.5,836.098
54.5,80.9,52.2,77.3,40.8,698.496
58.3,48.1,52.9,79.4,47.7,748.037
54.2,33.8,49,85.7,100,823.151
48.6,58.6,59.9,72.9,99.9,780.779
53.7,60.6,62.5,67,70,748.037
43.4,79.7,58,73.3,61,771.256
45.1,51.5,48.8,89.6,41.2,723.534
44.1,67.7,35.5,99.9,35.2,748.037
54.6,67.1,37.1,87,44.7,800.895
41.9,58.5,53.2,84.2,49.8,800.681
57.8,61.3,44.8,76,42.1,723.534
55.8,74.2,67.3,47.2,100,800.681
58.7,43.4,43.2,81.2,34.6,748.037
46.3,86.1,40.5,82.3,74,800.895
47.4,84.8,55.4,66.6,66.3,771.256
37.8,66.6,53.3,81.2,56,800.681
39.1,91.1,41,81.4,98.5,1296.412
36.3,49.2,54.7,82,85.6,800.681
37.7,91,54.3,67.5,100,746.753
43.1,78.3,44.3,74.1,100,800.681
48.6,29.4,45.4,84.4,39.4,748.037
39.6,75,41.2,84.9,38,698.496
38.3,76.8,38.3,88.2,35.3,698.496
50.4,42.4,31.6,90.8,43.2,748.037
46.7,43.4,32.1,93.9,39.1,748.037
50,52.6,49.1,71.5,32,748.037
38.3,58.3,54.1,75,50.2,800.681
41,49.5,48.9,74.9,94.6,780.779
43.8,58.7,58,64.8,34.4,723.534
48.2,63.1,35.2,80.7,50.1,723.534
51,35.4,38.6,82.8,70,748.037
46.8,28.6,38.7,86.5,51,748.037
41.2,47.5,34.7,91.8,31.2,748.037
42.5,78.3,48.9,65.4,67,771.256
35.3,68,42.7,79.4,86.9,695.607
37.1,36.4,40.8,89.7,44.9,748.037
45.6,54.4,48.7,68.4,70,723.534
42.8,50.7,29.9,89.7,41.4,748.037
50.2,65.5,26.7,82.3,34.4,800.895
34.2,40.5,33.3,97.3,70,748.037
33.1,89.1,47.1,65.8,98.2,800.681
36,53,48.6,71.1,87.6,800.681
35.5,51.3,46.5,77.8,30.7,779.174
31.7,73.6,33.2,89.4,33.3,698.496
30.4,92.6,21.2,97.5,33.1,698.496
43.4,31.4,50.1,70.4,35.4,748.037
28.6,53.4,41.4,88.7,31.5,765.585
39.4,38,44.4,74.6,82.3,748.037
37.3,68.7,47.9,63.6,100,800.681
45.7,75.6,42.9,59.3,90.9,695.607
39,42.4,37.2,84.4,32.1,748.037
45.5,66.9,54.7,52.4,46.4,836.098
44.6,70.1,47.8,59.3,46.8,695.607
38.9,57.8,49.7,66.4,40.5,765.585
40.6,71.6,38.1,72.4,42.7,698.496
49.7,30.2,33.9,77.5,49.4,748.037
35.9,62,32.1,86.3,28.8,800.895
31,88,29.2,87,37.7,698.496
38.8,83.5,50.1,58,52.6,771.256
45,86.2,41.6,55.6,100,765.585
38.9,77.4,26.9,78.7,98.7,870.766
34.5,73.7,36.6,79.2,40.8,698.496
36.9,88.8,32.2,77.3,40.3,698.496
29.5,80.1,32.2,86.3,31.3,698.496
38,85.5,29.8,78.1,39.2,1296.412
30.1,67.4,48.6,72,33.5,765.585
31.4,96.7,33.9,77.2,38.3,1296.412
52.4,32.1,51.4,52,67.5,891.631
38.5,32.7,34.5,83.6,42.3,748.037
26.3,77.2,31,84.6,85.6,454.643
48,30.9,49.9,59.9,70,748.037
40.4,55.5,31.3,76,73.9,723.534
33.1,85.9,25.2,85.4,30.8,806.245
29.7,58.6,46.1,73.1,42.5,800.681
45.8,38.3,37,71.5,70,748.037
27.3,84.5,39.7,74.5,52.7,1296.412
40.7,33.1,38.9,74.6,52,748.037
26.3,54.4,26.4,96.2,49.4,748.037
25.9,39.4,29.1,99.9,70,748.037
34.8,81.2,32.6,75.4,32.2,698.496
30.7,67.2,46.4,65.8,67.5,870.766
22.7,47.3,27.2,97.1,74.8,748.037
34.9,68.5,38.2,71.3,42.1,698.496
39.8,82.9,42.4,58.7,34.6,698.496
47.1,27.3,58.3,47.8,47.1,640.288
39.4,25.5,36.1,76.6,61.3,748.037
52.5,27.6,47.6,50.4,71.2,891.631
33.1,49.2,38.8,74.1,59.8,800.681
33.8,28.6,35.9,83.6,31.4,748.037
33.2,79.1,31.4,75.4,38.6,698.496
25.9,62.2,25.8,91.8,37.6,748.037
29.2,76.7,32.8,78.3,37.2,698.496
51.8,29.3,48.1,47.3,85.9,891.631
33.9,76,32,73.1,43,870.766
40.1,55.9,28.4,71.8,86.6,723.534
42.8,72.2,39.6,57.5,36.7,698.496
39,61.9,33.6,64.8,83,723.534
39.1,57.1,27.6,75.6,36.1,800.895
37.1,63.3,35.2,67.7,30,800.895
38.9,78.5,31.4,64.3,45.1,1296.412
38.4,70.3,36.3,62.3,39.2,698.496
43,46.8,50.2,48.6,47.5,748.037
51.9,43.6,25.6,62.3,71.9,748.037
27.1,79.6,29,77,33.1,806.245
44.2,29.3,31.6,70.4,70,748.037
32.5,81.6,32.9,66.9,33.7,698.496
28.8,50.6,24.3,86.5,36.8,748.037
27,51.7,27.1,85.2,37.3,585.29
34.5,61.1,33.2,64.1,100,780.779
26.7,88,33.5,67,74.5,777.034
34.6,88.6,34.7,58,63.3,771.256
31.1,75,31.2,70.3,37.7,698.496
32.7,65.5,43.8,54.3,81.8,800.681
35.8,89.5,36.1,57.4,29.3,768.153
30.1,63.4,35.3,67.5,57.8,780.779
47.3,25.6,20.6,77.5,70,748.037
27,37.1,35.5,73.6,98.1,748.037
27.2,72.3,24,81.7,29.5,698.496
40.2,55.4,39.3,56.2,39.4,748.037
22.7,77.5,30.4,77.8,70,780.779
24,67,19.1,90.2,29.1,800.895
32.5,57.8,22.9,80.3,32.3,748.037
36.1,23.7,21.8,85.1,38.8,748.037
30.7,35.6,35.5,71.5,65.6,748.037
35.8,54.2,20.4,80.7,70,723.534
35.6,38.8,32.4,71.5,28.2,748.037
34.5,48.5,19.8,82,34.5,748.037
43.2,32.9,25.8,71.5,70,748.037
32.4,70.3,33,65.4,32.5,1080.593
36.5,62.4,34.8,60.6,41.6,695.607
27.9,83.6,26.8,71.3,45.1,698.496
25.5,46.8,28.6,81.2,44.4,748.037
44.5,35,47,44.2,70.1,823.151
42.8,52.9,37,54.3,33.3,794.796
45.5,43.3,34.9,56.2,31.1,748.037
41.6,58.7,22.5,62.7,99.1,800.895
45.6,36,26.3,65.9,30,748.037
36,70.6,34.1,58.7,34.4,698.496
22.5,65.7,21.4,84.9,46.5,698.496
15.9,61.5,14.5,99,44.7,748.037
29.7,76.3,28.3,68.1,36.9,698.496
20.5,49.8,22.8,88.2,45.9,376.747
39.9,43.3,48.3,44.8,44.7,794.796
31.3,83.5,27.4,59.9,29,698.496
28,70.6,30.9,64.6,34.4,698.496
30.9,65.9,33.5,60.2,55.7,836.098
41.6,37.9,31.9,54.1,46.7,419.868
28.9,56.4,20.4,80.7,39.8,723.534
26.2,35.7,19.2,82.3,68.2,376.747
46.2,35.5,42.2,41.1,70.3,823.151
37.7,54,29.1,59.3,68.5,695.607
39.2,31.2,30,56.4,57,376.747
37.4,28,32.1,55.1,80.6,891.631
20.5,57.3,22.9,84.1,30.6,698.496
37.6,33.7,38.8,45.8,98.6,823.151
35.1,59.7,37.2,48.9,36.2,794.796
19.3,29.4,9.6,100,31,891.631
38.6,54.6,20.6,68.4,51.1,723.534
28.7,78.2,34.3,56.8,54.1,771.256
30.8,62.9,28.2,66.6,34.7,1080.593
32.8,62.9,30.2,56.8,45.4,695.607
23.4,47.1,35.8,64.1,38,765.585
25.2,91.4,17.2,70.6,40.2,768.153
38.7,25.8,26.1,69.6,69.4,419.868
25.2,69.2,21.1,76.6,32,800.895
27.2,54.7,22.9,71.5,42.8,740.975
31.1,56.6,21.6,71.8,32.3,723.534
18.1,67,28.5,75.5,30.1,695.607
37.2,26,18.5,73.6,31.9,748.037
30.6,48.3,28,64.2,39.1,585.29
24.4,43.7,26,69.2,46.6,376.747
47.2,30.8,12.1,63.5,70,748.037
54.4,55.7,36.6,27,72.2,380.064
25.8,29.3,14,84.7,28.4,258.619
36.2,59.8,29.5,51.6,63.5,695.607
35.5,48.4,13.4,69.6,40.4,419.868
22,58.4,27.9,66.7,41.8,695.607
37.6,66.3,30.7,43.3,88,723.534
32,57.6,45.7,39,55.5,800.681
43,29,20.6,61.1,70,748.037
24.5,45,24.7,74.9,30.3,585.29
31.8,25.4,22.3,69.3,36.5,748.037
32.7,49.6,16.5,71.8,47.5,723.534
29.7,44.2,22.7,69.5,39.8,723.534
27,58.9,30.7,59.9,59.5,723.534
25.2,42.8,23.3,76,35.3,740.975
30,45.1,18.2,70.7,39.5,723.534
24.6,84.8,26.9,56.9,37.6,777.034
47.2,24.9,50.8,29.4,40.1,457.96
22.4,68.2,29.3,55.8,99,454.643
19.1,49.8,15,86.7,32.9,740.975
26.1,39.7,20.9,72.7,41.9,740.975
28.9,62,37.4,47.7,38.5,695.607
37.3,62.7,33.7,45.1,52.3,695.607
27.1,47.4,16,77,30.4,723.534
39.2,72.4,30.8,40.9,66.6,768.153
21.6,89.1,19.1,64.6,34.1,698.496
32.6,59.1,28.8,50.3,67.1,695.607
28.4,62.6,35.7,48.4,40.3,836.098
25.9,69.4,15.9,68.3,33.7,768.153
23.4,54.2,24.7,67.7,33.4,800.895
36.8,50.8,23.2,52.6,51.8,419.868
37.3,28.9,42.1,37.3,99.5,640.288
39.5,21.5,35.4,44.7,43.4,640.288
32.2,54.2,26.7,52.9,46.2,1080.593
26.9,87.5,22.8,53.8,48.5,698.496
29.7,20.7,37.2,49,98.3,383.06
29,45.2,23.9,59.3,99.8,765.585
28.7,49.5,15,71.8,38.4,723.534
29.7,53.4,18.7,63.6,70,723.534
30.6,82.4,30.5,47.6,32.7,698.496
12.5,59.9,24.3,71.1,78.5,1089.902
32.6,42,30,52.4,34.2,748.037
21.2,70.5,28.2,58,74.2,771.256
27.9,40.5,20,66.7,63.3,740.975
34.6,34.4,27.9,56.2,31.5,748.037
14.5,55.7,10.5,89.3,30.6,322.605
30,54.4,24.9,59.3,44.7,780.779
19.4,57.5,24.1,66.7,70,695.607
26.2,61.5,34.8,44.3,77.3,765.585
28.6,31.4,29.8,57.4,38.5,748.037
41.3,21.7,10.9,68.2,70,748.037
16.6,57.8,17.1,72.1,41.1,376.747
20.9,91.1,23.8,54.2,37.9,771.256
16.4,48.3,16,75.4,28.9,698.496
28.6,36.4,25,56.3,75.9,740.975
26.6,67.9,32.3,44,65.3,771.256
43.3,22,21.1,52,46.6,891.631
27.2,67.1,20.1,56.8,50,806.245
26.1,38.2,25.5,57.4,52.5,748.037
26.7,77.4,25.2,50.1,35,698.496
30.7,40.7,18.6,64.2,33.5,740.975
25.9,84.5,16.3,57.6,30.6,1296.412
39.6,35,28.9,46.1,30.7,748.037
33.9,33.6,19.8,59.9,35.9,748.037
25.7,35.6,19.8,65.5,39,740.975
29.5,22.6,15,74.6,34.5,748.037
24.1,38.5,31.1,52.4,95,748.037
18.5,66.4,18.3,64.7,70.9,870.766
22.8,83.9,25.2,49.1,59.6,771.256
19.7,82.9,27.7,52.9,46.4,777.034
33.7,27.5,40.4,38.7,42,748.037
24.2,55.3,28.1,55.5,36.2,695.607
20,70.8,24.5,46,39.8,870.766
26.9,64.3,17,57.4,39.4,779.174
19.3,65.5,17.6,57.5,32.8,698.496
24.5,46,19.4,55,33.4,585.29
20.6,68.8,23.2,50.1,30.7,698.496
22.8,54.1,12.7,66,70,723.534
22.8,46.9,17.9,59.9,35.8,723.534
21.2,50.6,16.3,61.4,33.3,800.895
16.6,73.4,18.7,54.2,31.1,771.256
33.9,38.2,15,56.2,32.5,748.037
24.7,87.8,20.8,39,44.3,698.496
41,24.6,28.3,32.3,44.2,891.631
20.7,59.5,13.9,65.3,30.2,836.098
26.1,34.1,15.5,57.4,38.7,748.037
19.4,71.2,19.4,58.7,30.4,698.496
13,24.4,10.5,75.4,62.2,508.678
38.6,24.5,28,30.9,75,891.631
28.9,35.7,16,53.7,39.7,748.037
20.6,50.2,26,55.6,70,765.585
16.7,86.4,16,51.7,49.9,771.256
31.5,24.9,40.7,27.6,100,640.288
27.3,22.1,32.6,43.2,45,640.288
24.5,69.5,21,50.6,45.7,806.245
25.7,35.4,19.7,63.5,31.6,748.037
27,36.3,25.2,48.2,36.3,740.975
35.7,22.8,31.8,32.3,79.2,419.868
41.3,19,37.5,27.9,49,457.96
23.8,33.9,26.2,58.7,70,748.037
24.7,46.7,29.3,47.1,95.9,454.643
19.8,50.1,29.6,53.1,30.5,765.585
18.2,88,24.4,51.6,52.3,777.034
36.1,38.7,22.8,49.9,31.7,748.037
18.2,47.1,16.6,65.6,35,606.262
23.8,39.7,18.6,56.1,33.4,779.174
14.1,81.1,10.2,66.9,30.3,698.496
37,31.5,23.8,42.4,36.9,748.037
25.1,67.1,16.4,47,60.7,780.779
30.8,40,29.3,45.1,52.8,695.607
32.6,28.9,31.4,44.9,31.1,748.037
19.3,38.9,17.3,70.4,32,740.975
20.3,35,18.1,64.2,41.7,740.975
31,37.4,20.4,48.2,51.2,740.975
22.5,80,21.8,40.2,83.2,771.256
23.1,33.9,22.2,52.3,45.6,779.174
22.1,87.3,22,47.8,36.4,771.256
36.6,32.6,20.9,48.9,35.3,891.631
26.6,21,19.3,57.4,70,748.037
18.4,82.4,18.1,56.9,46.3,777.034
18.7,42.8,14.3,71.1,28.3,418.691
28.4,35.2,26.5,46.1,55.6,748.037
35.3,28.2,15.7,59.9,70,748.037
14.8,18.9,7.8,78.1,58.7,419.868
35.9,21,32.1,36.5,94.5,419.868
17.9,58.9,18.6,49.1,35.5,771.256
29.1,53.2,19.9,43.6,29,482.784
18.9,20.5,28.1,46.2,60.8,640.288
24.5,37.3,18,54.9,28.8,748.037
30.4,42.9,27.7,26.9,55.3,823.151
33.8,15.3,23,38.5,70,258.619
31.3,17.3,25.2,41.8,42.4,258.619
39.3,14.7,30,35.3,70,258.619
25.1,15.6,12.3,53.6,64.8,258.619
20,57.7,15.3,51,41.9,768.153
18.2,74.3,9.4,58.2,39.7,509.427
21.4,72.2,21.1,32.3,93.9,509.427
30.9,47.2,15.4,39.5,42.7,723.534
14.9,58.1,12.5,57.5,28.8,698.496
30.5,65.4,27.9,22.8,42.6,698.496
22.6,34.5,22.1,46.2,83.9,640.288
25.5,21.6,40.4,33,47.9,640.288
24.9,70.3,20.9,34.6,33,806.245
21.3,30.2,14.3,58.7,70,748.037
20.9,28.2,13.1,59,39.8,585.29
27.8,50.9,20.9,42,45.2,723.534
15,22.2,23.1,61.1,29.2,748.037
29.4,25.5,18.2,48.1,43.4,419.868
17,68.5,19.4,49.1,46.7,771.256
35.4,22.4,15,42.4,70,748.037
20.3,59.6,15.8,54.2,39.2,1080.593
26.8,34.7,21.1,48.2,34.9,740.975
20.4,47.7,12,59.9,41.7,723.534
15.4,38.6,14.4,64.2,38.5,740.975
17.7,37.3,13.2,57.7,34.2,740.975
24.6,59.9,14.4,51,29.5,768.153
20.6,39.1,22.6,45.1,47.8,695.607
27.5,42.8,16.3,47.2,70,779.174
16.9,34.4,15,65.9,32.6,748.037
17.2,46.9,18.6,50.3,37.4,539.173
27.3,45.7,23.4,33.7,86.2,585.29
34.1,26.7,14.7,46.1,35.2,748.037
20.5,43.9,17.8,47.6,36.7,539.173
13.7,73.3,11.8,56.3,29.1,698.496
19,34.3,13.6,64.2,30.6,585.29
19,62.8,22.6,50.1,30.3,698.496
31.1,83.5,22.7,25.7,40.3,698.496
20.3,43.7,21.2,46.2,30.3,545.807
18.7,69.9,16.7,49.1,36.9,771.256
16.6,39.3,12.4,59,31.7,585.29
19.7,25.9,10.7,62.9,38.2,585.29
18.9,29.7,28.6,46.1,29.6,748.037
92.2,67,98.1,99.7,89.1,748.037
92.9,67.6,98.6,98.9,44,748.037
88.6,90.7,97.7,95.5,72.9,698.496
91.5,69,96.7,99.1,63.1,748.037
89.7,87.8,95.6,95.2,51.1,698.496
89.1,84.3,88.2,100,95.7,748.037
86.6,61.2,94.7,99.6,82.7,748.037
84.2,58.5,96.7,99.1,44.8,748.037
84.6,92.7,88.3,89.4,72.7,698.496
88.5,59.8,90.8,94,42,748.037
83.9,65.2,89.9,97.3,36.8,748.037
82.4,49.2,90.5,95.3,70,748.037
78.2,96.6,90.2,83.5,73.2,1296.412
83.9,68.3,79.4,95.3,70,748.037
75.6,59.7,84.2,93.6,100,748.037
79,43.8,82,94.4,43,748.037
77,49.8,86.5,88.9,55.7,748.037
73.5,50.5,75.2,96.6,100,748.037
71.6,59,83.8,91.5,33.7,748.037
74.4,71.2,85.1,83,46.1,695.607
72.7,36.7,78.9,96.9,77,748.037
70.4,90.6,80.4,85.1,46.2,698.496
81.4,32.4,85.1,74.7,51.2,891.631
61.6,59.3,74.9,92,53,748.037
72,94.9,78.1,66,53.4,746.753
64.5,47.9,68.9,95,44.7,748.037
62.5,68.9,71.2,85.8,72.3,748.037
64.3,33.1,72,91.5,58.1,748.037
65.1,56.4,69.1,83,100,723.534
67.7,43.9,79,77.8,51.7,748.037
67.7,33.6,71.3,87.7,53.3,748.037
60.5,84.8,69,85.3,40.1,695.607
60.4,81.3,70.9,80.6,61.2,771.256
65.4,87.4,74.2,71.3,40.6,698.496
54.7,98.8,56.9,95,61.9,1296.412
58.9,84.3,62.9,88.3,41.2,698.496
49.4,64.3,61.4,99.2,87.1,748.037
68.3,41.2,62.4,89.5,30.2,748.037
63.3,79,69.9,76,38.6,695.607
55.6,87,62.3,88.3,39,698.496
52,37,66.6,96.4,54.2,748.037
57.6,46.5,55.2,97.1,70,748.037
62.1,81.9,72.6,65.1,56,836.098
57.1,60.6,68,76.8,65.5,765.585
53.7,91.3,70.9,71.1,38.9,771.256
59.9,33.8,64.7,82.9,70,748.037
57.9,35.3,58.6,91,40.5,748.037
70,53.7,61.9,63.7,100,419.868
64.1,44.6,68.3,65,99.7,419.868
75.5,30.3,77.1,48.7,86.3,823.151
51.8,77.8,66.8,72.9,57.6,836.098
63.5,34.9,63.2,71.4,100,823.151
58.1,82,58.7,74.3,39.4,698.496
55.5,37,54.2,92,32.7,748.037
53,62.3,63.6,71.8,99.9,780.779
54.4,52.9,59.7,80.4,55.4,748.037
56.4,47.8,46.7,94.4,30.3,748.037
54.6,37.4,64.8,76,60.4,748.037
70.4,29,68.4,57,73.3,891.631
52.8,83.6,60.8,69,67.3,771.256
43.9,92.5,55.9,75.9,100,746.753
50.5,94.5,47.1,79.9,76.8,800.895
48.2,50.1,46,96.4,40.1,740.975
45,59.5,58.2,82.3,47.3,800.681
45.8,80.4,58.4,74.2,66.2,771.256
52.7,36,49.3,84.4,100,823.151
46.9,53.9,48,92.3,32.8,723.534
54,51.5,51.1,80.4,46.8,748.037
41.7,70.8,37.1,99.9,34.6,748.037
52.6,63.1,45.4,81.4,41.6,723.534
55.5,77.9,71.4,42.6,100,800.681
39.8,66.2,53.7,82.3,54.4,800.681
44.3,78.7,46.8,77.5,100,800.681
43.7,76.6,44.7,85.1,42.1,698.496
41.2,91.2,41.1,81.4,97.7,1296.412
55.2,42.7,44.6,81.3,34.4,748.037
42,60.5,55.4,76.6,56.7,800.681
48.7,81.9,36.2,84.8,39.4,800.895
38.2,52.9,54.8,80,84.1,800.681
51.9,55.7,52.6,71.9,31.9,723.534
49.4,56.6,58,67.6,33.5,723.534
51.1,55,49.4,74,31.7,748.037
37.2,80.4,40.7,88.9,34.8,698.496
43.7,79.6,54.4,65.7,73.4,771.256
45.5,38.7,36.9,92,55.2,376.747
44.9,38.8,51.4,74,99.6,748.037
43.3,51.4,38.5,90,70,748.037
43.6,51.1,33.9,92.9,58.7,748.037
39.5,56.1,41.7,89.5,40,748.037
42.5,49.1,51.6,73.8,85.3,780.779
44.8,40.3,49.1,78.7,52.8,748.037
45.2,32.2,46.3,84.4,38.5,748.037
49,42.9,32.4,89.5,42.3,748.037
38.1,69.4,43.2,78.8,85,695.607
37,78.8,40.5,83.7,39.9,698.496
46,28.3,38.2,87.7,59.4,748.037
35,39.1,38.3,97.4,70,748.037
30.1,53.2,45,90.9,32.4,765.585
45.6,64,37.4,78.8,49,723.534
40.2,57.5,53,70.9,39.6,765.585
32.4,89.7,48.1,70.1,96.1,800.681
47.8,64.3,50.5,62.2,70,748.037
47.3,64.7,30,83.3,33.4,800.895
37.5,49.7,48.1,79,31.5,779.174
41.1,85.7,45.8,68.2,35.6,698.496
40.2,86.9,33.1,81.4,40.1,1296.412
32.4,88.6,32.9,88.9,37.1,698.496
34.5,96.8,37.2,78.2,65.1,1296.412
30.6,54.6,31.9,100,33.8,748.037
41.1,83.5,51.9,61.1,47.8,771.256
35.7,90.5,35.9,81.4,39.8,698.496
31.9,83.6,30.4,92.8,31.2,698.496
43.8,76.7,44.4,62.9,91.8,695.607
41.5,53,44.7,74,54.7,723.534
32.2,75,33.8,90.5,32.2,698.496
46.5,34.4,37.4,82.9,70,748.037
36.9,56.1,50.8,68.1,88.9,800.681
29.1,94.4,22.4,98.9,32.8,698.496
32.6,70.1,48.5,74.9,32.6,765.585
37.3,62.7,33.1,87.7,28.9,800.895
39.9,79.7,28.2,79.6,98.6,870.766
41.9,55.5,29.2,87.7,36.4,748.037
40,74.8,39.1,74.3,43.8,698.496
43.8,73.4,47.1,61.8,51.8,695.607
26.8,76.7,35.3,86.6,88,454.643
32.4,54.6,29.1,95.9,46.5,748.037
45.7,84,44.8,55.1,100,765.585
49.8,32.2,52.1,62.2,70,748.037
43.9,64,53.5,57.8,42.8,836.098
48.7,31.8,35.9,76.9,49.8,748.037
35.4,84.7,36.1,78,34.1,698.496
42,80.7,36.9,70.1,47.4,1296.412
36.5,44.8,39.1,83.6,33.2,748.037
35.2,82.4,34.1,79.7,38.9,698.496
39.8,44.7,42,70.8,99.5,723.534
29.4,85.1,39.9,76.5,50.9,1296.412
35.5,50.6,43.2,74.9,60,800.681
39.4,83.9,30.3,77.6,30.6,806.245
28.5,54.1,27.6,96.8,47.7,376.747
30.5,61.6,46.7,73.9,42.8,800.681
26.1,52.6,26.7,97.1,79.4,748.037
46.2,49.1,51.9,55.1,49.6,748.037
53.5,37,52.9,48.1,69.4,891.631
38.3,69,47.1,57.3,99.9,800.681
40.5,34.3,45.3,71,35.2,748.037
39.4,67.6,39.1,69.3,39.4,698.496
25.8,54.7,29.1,95.3,43.9,748.037
48.1,35.8,50.2,51.7,98.5,823.151
42.8,75.8,39.8,62.7,36,698.496
46.5,37.1,35.1,73.1,70,748.037
29.4,61.6,27.5,91.5,39.5,748.037
38.3,33.1,35.4,80.4,49.1,748.037
30.9,66.3,47.5,66.5,59.8,870.766
32,79.8,32.7,78,35.8,698.496
48.8,27.5,57.3,47.7,43.8,640.288
39,56.8,29.9,75,69.8,723.534
51.3,29.1,48,51.1,73.6,891.631
31.3,79.5,33.2,76.2,40,698.496
36.3,87.3,38.1,62.2,63.3,771.256
34,71.8,34.4,73.5,44.4,870.766
38.1,64.4,33.8,73,29.3,800.895
38.8,27.5,36.5,75,58.1,748.037
38,56.7,28.1,74,81.4,723.534
33.8,79.3,40.4,61.1,65.3,771.256
30.2,37.3,36.9,79.7,51.1,376.747
40.5,60.1,34.9,62.9,82.7,723.534
25.1,63.2,28.3,88.3,35.9,585.29
49.7,29.7,47.3,49.6,76.8,891.631
42.7,56.7,27.2,73.1,70,748.037
34.6,61,33.6,67.7,100,780.779
39.9,70.6,35.8,62.7,39.6,698.496
37.9,59.7,34.9,67.7,46.1,780.779
51.1,43.3,28.2,62.2,80,748.037
21.6,70.1,30.6,86.7,31.6,695.607
28.6,87.3,33.4,68.4,74.2,777.034
41.9,31.7,33.5,71,49.3,748.037
32.4,41.2,24.4,87.1,40.6,748.037
38,57.3,29.3,73,31.3,800.895
28,84.1,30.2,74.3,42.1,698.496
25.6,67.4,19.7,92.2,29.1,800.895
29,40.6,36.3,73.1,99.3,748.037
35.7,29.5,37.5,73.1,32.6,748.037
26,44.6,27.1,88.5,42.9,376.747
35.2,91,39.7,56.3,29.4,768.153
36.4,54.7,21.9,81.3,34,748.037
36.1,60.3,35.2,66.3,36.6,1080.593
45.2,27.6,23.9,77.8,70,748.037
32.8,60.5,24.4,80.4,31.3,748.037
43.5,46.1,51.1,45.5,42.6,794.796
37.9,63.2,34.7,62.9,45.9,695.607
40.1,57,39.8,57.5,39.6,748.037
31,71.3,32.9,68.6,49.8,836.098
45.6,37.4,34,61,49.4,419.868
36.4,40.6,30.9,72,54.4,748.037
32.2,54.8,22.2,83.8,70,723.534
55.9,60.4,42.1,33.8,78.5,380.064
23.1,55.8,27.3,86.4,32.4,698.496
25.2,76.5,22.6,83.7,29.2,698.496
29.8,83.9,31.6,67.1,34.8,698.496
19.7,63,13.1,99.2,53.7,748.037
44.6,39.9,25.1,70,29.3,748.037
28,44.6,27.7,76,46.4,376.747
30.5,69.3,30.4,69.3,34.8,698.496
28.1,55.6,22.4,78.8,38.8,723.534
41.5,53.3,36.3,57.2,31.5,794.796
33.7,69.9,36.5,56.5,42.6,836.098
48.9,35.9,44.3,39.9,98.5,823.151
30.3,73.8,29.6,70.3,35,698.496
36.9,60.6,37.5,52,36.5,794.796
35,54.1,22,73,56.7,723.534
28.4,47.8,28.8,79.7,31,585.29
29.5,65.3,27.9,68.5,34.2,1080.593
24.4,64.5,22.5,84.4,47.7,698.496
43,53.4,34.1,55.1,40.7,748.037
23.9,93.4,17.1,77,42,768.153
32.8,75,34,58.1,34.9,698.496
36.9,26.3,27.3,73.6,71.6,419.868
28.6,69.5,23.4,74,32,800.895
51.6,25.3,51.6,32.3,40.1,457.96
26,55.4,28.2,77.8,41.6,748.037
28.7,50.7,16,88.1,33.3,740.975
32.3,67.2,45.3,49.4,89.2,800.681
26.7,79.4,36.2,64.4,50.7,780.779
33.3,26,23.5,81.3,38.2,748.037
36.8,26.5,19.9,78.7,30,748.037
44.5,35.7,45.8,44.3,69.7,823.151
30.4,46.4,29.2,67,34.6,585.29
28.3,84.4,29.3,60.4,28.7,698.496
22.1,88.8,21.4,75.3,31.9,698.496
24.3,61.1,24.5,76.9,30.7,695.607
33.6,71.6,30,54.4,68.9,695.607
35.8,55.7,29.9,58.1,62.7,695.607
39.6,58.7,23.2,55.1,99,800.895
37.5,31.8,31.8,59.9,86.3,891.631
30.9,42.8,26.2,67.8,49.9,748.037
24.6,61.4,29.3,67.6,41.8,695.607
25.7,39.6,35,68.9,70,748.037
42.2,70.4,32.3,47,63.4,723.534
19.6,39.5,9.8,100,31,891.631
31.7,79.4,28.1,61.7,33.8,806.245
34.4,63.1,30.5,59.4,41.5,695.607
24.1,46.8,38.2,64.4,37,765.585
31.1,44.2,24.3,70.8,42,723.534
30.5,57,33.4,59.4,52.5,723.534
27.1,40.6,23,76.6,45,740.975
27.8,86.9,32.5,58.7,40.1,771.256
38.3,63.7,35.7,47,50.7,695.607
28.6,50.2,17.3,81.4,30,723.534
43.3,75.9,32.4,41.7,64.1,768.153
27.5,59.7,35.3,62.9,34.1,695.607
31.8,59.4,31.3,50.2,64.5,779.174
13,48.7,10.1,99.7,28.1,510.711
28.6,73.1,17,71.1,33.7,768.153
34.6,50.2,23.3,59.6,51.7,419.868
39.4,24.8,40.3,49.1,49.4,640.288
26.7,71.7,24.8,62.8,43.1,806.245
37.3,55.4,33.4,48.2,59,695.607
30.1,88.6,25.1,52.2,43.7,698.496
27.9,49.6,25.2,59.9,99.8,765.585
36.9,59.6,33.7,42,88.9,723.534
33.9,53,27.6,55.7,46.3,723.534
35.1,59.4,30.7,51.5,38.3,748.037
14.9,59.1,24.7,74.8,64,1089.902
30.6,48.2,18.1,73,38.2,723.534
29.6,32.2,23.4,73.1,44.5,748.037
26.5,70.6,29.9,57.5,75.6,771.256
27.1,81.5,27.7,57.6,31.9,777.034
26.3,43.5,19.2,75.6,64.4,740.975
32.3,40.3,25.6,64.5,38.4,740.975
27.7,41,37.9,55.1,99.8,748.037
17.3,54.6,12.1,89.8,36.5,322.605
22.3,66.3,21.7,67.3,94.8,454.643
26.8,57.3,20.3,70.3,46,740.975
29.4,39.3,20.3,72.5,40.8,740.975
30.9,63.1,40.4,47,41.7,695.607
35.7,62.5,32.8,40.8,75.8,765.585
27.6,30.4,31.3,59.9,38.8,748.037
32.6,18.2,39.5,51.6,37.9,258.619
25.2,59.1,25.5,59.9,73.8,779.174
23.7,56.6,22.5,67.4,33.6,800.895
35,30.7,40.7,40.4,98.2,640.288
33.5,54.7,29.6,49.6,45,1080.593
23.7,29.2,10.5,84.4,28.3,258.619
18.4,51.3,18.1,80.5,28.8,698.496
29.9,69.8,36,42.9,71.9,771.256
37.9,23.9,37.9,38.9,88.4,419.868
30,47.8,31.2,45.6,94.7,454.643
33,62.2,45.1,34.9,55.1,800.681
42.7,21.8,22.9,51.1,56.9,891.631
26.7,70.8,22.2,56.9,45.9,806.245
31,43.1,23.2,64.5,34.9,740.975
32,26,22.4,67.8,35.6,748.037
28.4,49,15.3,68.7,46.8,723.534
29.2,84.4,19.7,58.6,48.2,1296.412
39.7,35.3,28.9,46.6,31.1,748.037
17.1,73.3,20.3,68.1,33.6,420.18
25.3,37.4,22.9,66.9,40.1,740.975
31,47.8,24.4,57.5,35,748.037
25.7,80.8,24,52.7,83.9,771.256
34.5,37.3,27.5,55.1,31.8,748.037
25.2,80.4,27.8,55.1,44.7,771.256
21.6,84.2,28.5,53.8,49.7,777.034
40.1,28.9,40,40.7,42.6,748.037
28.6,48.8,19.3,59.7,32.2,585.29
22.4,73.1,23,55.8,31.1,698.496
20.3,45.5,17.8,64.5,32.7,771.256
31.5,53.9,24.3,50.1,29.4,482.784
40.7,29.1,10.4,63.3,32.4,748.037
20.1,71.8,20.6,57.5,30.6,771.256
31.8,42.2,14.3,57.5,34.6,748.037
21.2,62.3,13.2,70.8,29.1,836.098
40.2,59.4,17.3,50.3,70,748.037
27,41.5,16.5,61,39.2,748.037
21.6,49.8,24.4,58.5,50.6,376.747
24,89.2,24.8,50.2,36.2,771.256
24.6,43.8,17.2,70.5,33.4,380.064
27.8,36.7,21.1,63.3,32,748.037
27.6,42.9,26.6,55.8,67.8,740.975
34.9,44.4,14.7,59.6,42.8,419.868
19.7,26.9,24.8,65.6,29.2,748.037
32.3,37.5,28.1,50.7,34.2,740.975
28.7,19.4,34.7,50.4,86.2,383.06
43.4,20.7,38.8,28,44.5,457.96
32.5,37,25.2,54.1,58.9,419.868
40.7,29.7,20.7,53.9,70,748.037
29.2,76.1,25.1,47.5,36.7,698.496
21.1,88.2,23.4,53.8,49.5,777.034
25.6,52.1,18.4,65.3,28.8,723.534
37.6,38.8,27.1,45.4,31.1,748.037
19,47,16.8,67,36,606.262
21.9,49.2,13.7,64.1,44.2,723.534
31.6,86.7,29,39.3,29.1,698.496
39.3,33.1,25.8,44.2,43.2,748.037
27.6,47.2,24,50.2,70,779.174
30.6,32.2,20.1,62.2,36.2,748.037
31.6,43.4,29.4,48.2,43.5,695.607
16.3,45.1,6.5,83,28.6,363.586
29.1,20.7,13.7,75,34.4,748.037
36.4,34.8,16.5,51.5,34.5,748.037
32.6,30,15.7,57.5,34.5,748.037
20.7,40.4,18.2,68,32.9,740.975
22.4,36.7,18.8,69.2,37.7,740.975
19.5,67.1,20.5,61.2,72.6,870.766
21.5,66.9,25.1,49.9,30.7,698.496
30.6,59.3,17.3,56.9,48.2,723.534
22.9,45.6,22.2,58.7,42.5,779.174
33.4,36.1,21.6,51.1,36.9,891.631
17.9,43.7,12,72.7,30.8,585.29
20.8,41.6,13.6,70,28.5,418.691
32,30.7,15.2,61,70,748.037
36,21.5,33.1,40.2,88.6,419.868
23.8,65.8,28.5,39.9,43.9,870.766
20.7,66.5,20.6,52.2,33,698.496
19.4,79.7,21.6,45.1,35.7,698.496
21.3,53.9,12.9,61.8,34.8,723.534
27.5,48.6,19.1,52,37.4,723.534
19.1,52.1,17.2,62.6,33.6,800.895
20.1,91.3,17.1,45.3,36.1,771.256
23.5,36,18,57.6,61.3,823.151
26.3,35.8,20.3,53.9,28.7,748.037
31.5,48.4,32.3,29,88.7,823.151
38.4,25.2,27.5,32.2,43.4,891.631
34.2,19.5,24.6,43.5,49.7,258.619
25.2,16.6,14.3,62.6,69,258.619
20.7,20,27.3,48.9,84.1,383.06
16.7,22.5,10,75,56.5,508.678
36.5,26.1,28.5,33.6,68.7,891.631
25.4,34.5,16.6,56.3,39.2,748.037
20.2,50.9,27.6,51.5,70,765.585
21.2,85.3,17.8,46.5,40.5,771.256
31.8,26.7,40.1,28.4,100,640.288
26.4,24.2,32.9,39,47,640.288
27.7,26.7,42.6,30.9,82,640.288
24.7,82.6,18.9,43.5,28.4,806.245
31.5,53.6,22.5,42,47.4,723.534
20.2,86.9,16.3,50.2,38.8,771.256
20.7,60,16.9,53.2,38.8,1080.593
21.2,50.3,25.7,52.7,31.3,765.585
29.1,38.1,18.1,52,35.2,740.975
24.3,44.1,21.6,53.8,32.8,779.174
19.5,42.1,15.2,64.5,40.4,740.975
18.1,37.4,17.3,60.8,35.4,740.975
23.7,64.8,17.3,55.1,30.2,768.153
16.2,74.9,10.9,65,29.6,698.496
30.1,46.8,22.8,44.8,33.9,539.173
25.9,69.1,18.4,44.6,70.4,780.779
20.2,49.7,16.2,60.6,44.5,539.173
31.7,29.6,22,46.6,31.2,748.037
29.5,46.2,22.3,41.7,90.2,585.29
16.1,73.3,10.6,61.6,29.2,698.496
19.3,48,11.8,62.1,37.7,740.975
21,34.3,20.2,63.3,29.1,823.151
24.3,46.3,21.8,47.7,32.1,779.174
26.8,21,19.4,57.5,70,748.037
18.6,80.3,17,50,50,777.034
31.2,54.5,17.9,48.1,44.8,780.779
25.5,43.1,16.3,55.5,32.6,891.631
28.5,36,27.5,44.2,54.5,748.037
17.8,50.1,22.4,58.7,30.4,771.256
34.1,33.1,17.4,48.5,85.9,419.868
16.2,21.4,8,75.8,57.8,419.868
95.6,64,97.6,99.8,97.8,748.037
86.5,94.4,98.9,98.8,73.1,698.496
92.5,76.3,96.2,99.9,63.3,748.037
88.2,91.5,96.7,97,55,698.496
89.4,84,88.6,99.7,95.4,748.037
83.6,77.2,99,99.8,45.2,748.037
85.1,78.5,91.9,99.3,52.1,748.037
83.3,96,88.5,96.7,53.7,698.496
77,97.9,95,91.1,80,1296.412
85.7,65,88.9,99.2,36.6,748.037
77.6,70,90.4,98.2,100,748.037
86.5,64.3,87.8,97.2,43.3,748.037
80.4,61.9,91.1,99.7,47.9,748.037
78.1,94.4,91,94.2,40.5,698.496
85.9,73.5,82.2,98.1,70,748.037
80.8,56.4,88.6,98.5,47.9,748.037
82,49.5,86.9,98.6,47.9,748.037
77.9,63.9,86.1,97.2,33.7,748.037
75.9,77.8,89.3,90.9,49.1,695.607
76,56.5,78,99,100,748.037
76.8,53.7,85.2,94.4,56.3,748.037
67.4,57.1,88.8,99.1,57.5,748.037
69.8,93.6,80.6,94.3,32.2,698.496
68.6,89.8,77.2,96.3,36.1,698.496
69.8,53.9,78.4,96.5,81.2,748.037
71.7,96.2,84.5,79.4,49.8,746.753
64.5,93.8,75.8,93.8,40.1,698.496
60.6,73.1,81.1,92.2,75.8,765.585
70.5,62.8,77.4,85.7,100,723.534
74.7,49.3,72.3,95.3,30.4,748.037
61.3,98.6,67.5,94.6,65.4,1296.412
67.1,51.2,70,98.6,43.1,748.037
62,87.1,75.5,86.6,64.6,771.256
60.2,90.5,73.2,91.5,42.6,695.607
59.9,68.6,76.9,87.3,100,780.779
64.5,45.8,81.2,86.8,52.8,748.037
68.8,62.8,69.6,88.2,68.2,723.534
66.1,85.5,72.1,78.9,40.3,695.607
56.9,42.9,69.8,98.7,56.7,748.037
52.6,61.5,66,99.2,90.4,748.037
57.8,71.5,72.7,86,73.7,748.037
77.8,49.2,72.4,69.1,100,419.868
81.4,30.3,83,60.9,50.8,891.631
60.1,58.4,72.7,84.3,57.3,748.037
64.6,99.5,72.8,70.1,53.7,836.098
59.3,31.7,69.7,92.2,63.1,748.037
73.3,39.5,83,58.8,100,419.868
52.6,70.3,66.9,87.8,100,800.681
63.7,62.6,77,73.6,36.1,723.534
65.1,33,68.2,86.6,48.5,748.037
62.8,57.8,55.7,96.4,31.4,748.037
54.7,93.3,77.3,72.3,48,771.256
61,63.8,66,80.1,99.2,723.534
70.6,85.5,47.7,87.1,37.1,800.895
48.4,94.6,61.3,85.6,99.9,746.753
58.4,87,66,77.3,42,698.496
54.3,84.4,68.1,77.5,72.4,771.256
52.2,66.5,64.7,87.4,62.8,800.681
49.4,80.5,66.1,82.6,68.1,836.098
49.2,89.3,62.8,82.4,76.7,771.256
54.3,44.9,55.6,99.2,33.5,748.037
48.1,55.8,64.3,88.1,89.1,800.681
58,39,54.5,95.9,39.4,748.037
57.8,51,49.5,97.7,30.3,748.037
55,84,73.8,61.5,100,800.681
53.5,35.3,61,88,98.5,748.037
50.5,64.3,63.1,85.2,49.8,800.681
49.3,56.3,58.9,93,38,748.037
47.6,82.4,51.6,91.2,40,698.496
47.9,86.4,51.9,87.7,34.4,698.496
37.2,76.1,55.2,95.6,54.6,800.681
57.9,69.2,72.2,60.2,35.1,723.534
48.1,87.6,58.5,73.3,79.7,771.256
43.3,63.9,56.9,84,92.4,800.681
50.4,40.8,61.9,80.5,56.2,748.037
41.6,85.8,48.3,92.3,31.6,698.496
48.4,51.8,60.4,82.1,31.6,779.174
47,58.2,59.8,79.3,59.2,723.534
50.6,33.9,50.3,92.3,39.3,748.037
47.4,90.3,53.1,78.2,37.7,698.496
44.1,59.6,61,80.9,39.5,765.585
49.8,83.3,42.7,86.2,45,870.766
40.7,89.5,53.9,82.1,50,771.256
47.4,60.3,51.1,80.5,100,723.534
66.5,30.9,70.5,50,85.4,823.151
49.7,92.3,47.3,78.8,30.6,698.496
47.8,29.1,44.2,95.7,63.2,748.037
70.6,26.1,69.3,46.6,79,891.631
37.5,95.5,47.7,82.7,95.4,800.681
48.3,51,37.1,96.7,48.9,748.037
39.7,74.1,53.6,81.3,70.4,765.585
51.6,53,46.6,83.2,53.1,748.037
39.4,87.3,40,94.3,31.9,698.496
45.1,63.6,47.5,85.3,70,723.534
54.4,52.7,39.3,82.5,80.7,748.037
39.8,76.1,44.8,84.9,88,695.607
42.4,81.9,48.8,80.1,43.4,698.496
34.1,93.5,41.3,93.3,36.8,698.496
49.3,56.4,54.5,72.7,31.8,723.534
47.3,56.4,52.6,76.8,32.2,748.037
39.5,94.7,33.1,88.3,99.9,1296.412
53.5,92.8,44.6,64.7,82.3,800.895
37.9,66.6,35.1,99.7,41.7,748.037
50.7,38.3,35.8,93.3,40.8,748.037
49.5,90.4,31.5,85.4,44,1296.412
36.9,76.8,50.7,79.8,68.3,870.766
39.9,59.2,41.8,91.6,48.9,748.037
34.5,64.6,47.7,86.9,85.3,723.534
47.6,47.6,48.1,81.7,33.7,748.037
33.4,92.6,46.1,83.6,64.5,771.256
49.4,54.1,56.3,63.2,98.1,723.534
39.8,88.4,43.6,82,37.5,698.496
54.2,46.3,53.1,67.2,52,740.975
46.3,84.2,45.5,69.6,92.6,695.607
52.8,74.1,32.7,82.9,37.4,800.895
50.2,66.4,57.7,63.2,70,748.037
49.1,33.7,47.1,76.7,100,823.151
45,43.5,42.1,88.2,32.3,748.037
42.1,54.2,54.5,71.2,88.3,780.779
39.4,82,41.8,82.7,34.7,698.496
40,83.7,42.5,76.6,82.9,1296.412
34.9,80.2,38.7,85.6,92.7,454.643
51.8,33.3,56.8,67.7,70,748.037
51.7,47,39.7,75.2,99.4,723.534
43.9,34.7,55.7,75.4,35.9,748.037
40.3,46.3,44.1,85.6,58.2,723.534
34.3,60.9,48.5,84.9,39.2,800.681
39.7,36.6,37.6,96.4,35.7,748.037
45.2,49.4,33.3,90.1,60.7,748.037
35.1,92.7,33.2,91.2,34.4,698.496
34,87,41.4,85.3,33.6,698.496
34.9,98.5,40.5,78.5,72.4,1296.412
41.9,83.5,46.3,73.1,31.1,698.496
46.1,40.5,33.2,92,34.1,748.037
43.7,77.4,39,79.2,36.7,698.496
43.3,68.2,44.7,75.5,38.3,1080.593
34.1,48.5,51.2,82.5,31.1,765.585
46.4,80.7,48.1,63.6,47.4,695.607
41.5,81.1,48.5,68.4,37.5,836.098
37.7,56.7,47.5,73.8,99.5,723.534
33.4,88.3,37.2,86.1,30.6,698.496
40.2,48.9,36.3,88.1,52.2,748.037
40.8,92.6,50.5,63.6,30.2,768.153
40.3,80.6,39,77.5,39.8,698.496
31.1,45.6,34.2,99.9,36.1,748.037
30.9,89.2,45.6,76.2,56,1296.412
40.3,50.3,40,83.8,34.9,585.29
38.8,43.4,37.5,87.3,37.9,748.037
43.3,33.9,40.5,75.9,100,823.151
32.8,85.1,43.2,72.4,79.3,771.256
31.9,83.5,28.7,92.7,28.5,698.496
34.1,80.1,45.6,68.8,91.2,800.681
51.4,36.7,53.5,53.8,97.5,823.151
28.4,54.9,37.1,90.7,60.1,800.681
39,84.4,44.3,63.9,78.1,765.585
42.2,53.1,38,75,68.5,723.534
32.8,85.4,30.9,85.9,36.6,698.496
41.4,47.7,45.8,66.1,99.7,723.534
39.7,55.8,27.9,89,37,748.037
41.9,90.5,30.8,75.8,28,806.245
75.4,57.8,66.7,86.1,95.7,380.064
41.7,64,22.3,90.1,35.5,748.037
38.7,38.6,41.8,79.5,32.4,748.037
32.9,63.3,28,90.7,37.2,585.29
39.3,85.1,37.3,69.9,34.2,698.496
44.8,28.5,23.7,92.8,70,748.037
27.5,59.5,33.3,91.2,42.5,748.037
32.1,86.6,27.8,86,31.7,698.496
54.1,27.7,58,47.3,49.6,640.288
37.3,85.1,29.9,77.8,50,870.766
38.7,74.2,40.6,68.4,51,780.779
29.7,91.4,31.4,82.6,43.1,698.496
31.4,90.5,39.5,69.8,78,777.034
38.5,49.2,37.4,78.9,31.1,585.29
38.5,58.3,46.7,61.9,92.4,723.534
34.3,71.3,41,70.7,57.3,800.681
35,86.3,38.5,70.8,33.5,806.245
45.8,55.6,41.4,64.6,31.9,794.796
35.4,74.4,43.9,66.5,39.5,695.607
28.5,58.3,39.8,81.8,30.3,765.585
42.5,45.2,23.2,84.5,71.2,740.975
32.5,70,31.5,82.4,36.2,1080.593
30.9,78.1,31.6,82,34.6,698.496
35.6,30.1,35.3,83.7,57.4,748.037
28.3,47,25.7,97.3,38.6,748.037
25.6,78.5,26.9,90.2,49.5,698.496
34.6,50.9,35.8,79.1,47.9,723.534
38.7,64.2,29,79.8,28.8,800.895
32.4,31.9,38.1,84.6,32,748.037
31.6,64.8,40.8,71.7,60.3,780.779
34.1,60,29.3,83.3,46.8,748.037
35.2,58.2,23.9,86.4,58.4,723.534
25,99.8,26.7,84.8,38.1,921.163
49.4,47.8,52.4,47.1,46.4,748.037
37.3,61.1,22.2,83.8,68.4,723.534
30.9,84.3,27.5,81.5,34.7,698.496
25.6,69.5,18.1,100,37.7,698.496
30.8,55.9,27.4,87.7,47.1,740.975
30.5,64.9,22.9,91,29,800.895
34.1,93.4,33.3,68.9,35.7,698.496
25.1,71,28.4,73.8,43.7,870.766
33.5,89.9,35.1,66.3,28.5,698.496
39.3,39.9,29.5,73,34.5,740.975
36.5,60.6,37.9,62,43.8,748.037
33.9,70.1,36.7,67.8,52,695.607
36.6,77.6,35.3,52.2,79.5,765.585
32.1,81.6,26.7,76.8,50.1,836.098
19.3,88.5,26.5,79.4,35.3,870.766
30.4,78.3,29.4,65.2,50.3,695.607
32.3,48.5,27,81.3,82.3,723.534
41.6,65.6,30,69,31.7,800.895
38.5,41.6,40.1,64.7,32,748.037
32.3,87.4,32.9,64.1,60.8,1296.412
44.7,38.6,30.4,61.1,28,419.868
44.7,48.1,23.5,65.7,29.5,748.037
35.8,60.2,28.6,79.3,38.1,723.534
32,63.4,35.5,67.7,44.7,748.037
29.3,79,35.2,63.3,45.1,836.098
40.9,58.1,29.2,63.2,38,748.037
43,41.2,27.3,74.8,70,748.037
41,32.3,26.7,73.5,54.1,748.037
34.9,53.3,21.7,72.6,70.7,723.534
34.2,58.6,21.6,83.2,31.6,800.895
32.3,49.4,20.5,89.5,70,723.534
37.5,63.8,31.7,62.2,57.5,695.607
26.6,81.7,14.6,89.1,33.9,768.153
35.5,58.7,20.6,84,32.9,748.037
27.8,21.4,15.7,96,44.6,748.037
30.7,89.9,30.5,74.9,31.5,777.034
37.1,69.9,36.7,61.5,41.5,695.607
24.6,49.1,28.8,83.3,29,800.895
30.8,29.6,17.8,97.4,42.5,380.064
30.1,48.8,31.7,76.3,66.3,740.975
26,81.7,27.8,74.9,45.5,698.496
37.7,21.8,17.4,88.9,45.4,748.037
38,34.7,37.3,61.5,32.6,740.975
46.7,21.4,36.6,67.2,80.3,419.868
24.8,45.1,35.7,73.4,99.8,748.037
32.6,53.2,22,83,33.4,748.037
40,52.7,44.5,55.7,99.8,723.534
31.5,40.1,32.8,68.1,99.9,765.585
37.1,54.4,43.2,51.1,99.1,723.534
27,90.1,35.1,66.9,42.3,771.256
41,47.5,50.5,49.2,42.9,794.796
24.3,52.3,26.7,86.8,41.8,748.037
34.1,71.6,47.1,51.5,57.4,800.681
45.3,29.3,42.7,49.4,74.7,891.631
45.6,31.9,47.6,42.2,70.9,891.631
20.6,70.2,30,79,36.6,695.607
34.6,24.2,19.5,94.8,42.5,748.037
38.6,73.6,32.4,59,59.7,695.607
38.5,26.6,17.5,85,29.1,748.037
26.2,68.4,31.5,76,99.7,454.643
31.1,65.4,32.8,62.1,61.6,779.174
36.7,63,22.1,64.9,33.1,800.895
28.9,84.8,27.9,56.7,36.3,698.496
32.2,52.6,31.2,60.1,56.4,723.534
35.2,45.4,46.2,49.9,60.9,723.534
25.3,54.6,22,71.7,30.6,800.895
17.8,63.7,22.6,85.9,43.2,771.256
28.5,35.5,30.3,71.8,83.7,748.037
31.6,34.5,33,59.3,41,748.037
23.7,41.6,34,70,98.7,748.037
21.4,64.7,25.7,69.5,41.7,771.256
41.1,39.2,30.5,52.2,30.9,748.037
22.5,81.7,25.2,66.3,34.6,771.256
16.2,61,16.2,91.4,28,1089.902
42.7,16.4,47.2,42.4,52.4,258.619
31.2,35.4,29.4,61.5,54,748.037
19,70.4,22.8,81.4,40.7,771.256
32.9,46.8,33.9,52.9,46.4,723.534
23.9,93,11.8,76.6,73.1,509.427
21.2,53.5,27.1,74.9,82.4,376.747
43.9,40.2,43.4,41.8,99.8,823.151
29.1,69.7,36.6,46.5,98.9,780.779
24.2,57.7,18.9,76.8,42.1,765.585
37.2,50.4,32.2,54.2,58.6,419.868
37.7,23.2,36.6,53,49.5,640.288
27.3,76.5,25.4,68.5,41.9,806.245
27.4,75.9,26.5,67.2,64.4,771.256
36.1,49,30.5,60,40.7,748.037
30.6,42.8,28.5,63.8,32.1,748.037
46.8,26.6,45.2,37.4,76.1,891.631
35.8,61.6,35.8,54.4,54.2,695.607
28.8,76,35.6,56,73.7,771.256
30.4,40.3,31.5,65.1,79.6,748.037
29.9,90.1,20.1,65.3,33.9,806.245
32.8,51.7,30,54.4,66.6,723.534
36.9,26.6,10.9,85,29.9,748.037
59.1,25.3,57.1,20.4,30.5,457.96
23.2,61.4,29.2,72.8,42.3,695.607
31.7,90.4,28.9,51.2,34.9,698.496
31.4,38.3,20.8,77.1,36.3,748.037
21.8,79.1,25.7,68,42.7,771.256
29.5,39.3,23.2,81.4,41.3,748.037
31.6,32.7,15.1,82.4,60.2,380.064
39.1,35.3,19.3,67.8,32.4,748.037
20.8,56.1,25,74.5,31.1,765.585
34.1,77.3,32,54.6,86.5,768.153
34.9,29.5,38.2,54.2,43.3,748.037
25.8,86.8,28.4,59.3,57.9,771.256
44.3,19.6,46,36.1,96.2,419.868
21.6,72.2,18.9,67.2,31.3,698.496
25.1,53.5,23.1,63,51.2,748.037
35.6,48.6,30.9,46.9,33,585.29
22.6,81.3,22.1,65.4,31,698.496
30.9,50,32.7,50,46,723.534
31.3,28.3,20.4,72.1,35.3,748.037
35.9,43.1,25.6,57,30.9,748.037
22.4,76.9,21.9,66.8,30,771.256
33.9,93.7,33.3,38.6,28.9,698.496
29.6,36.9,21.2,64.9,29.1,748.037
30.1,41.7,23.5,61.3,32.6,723.534
35.2,36.2,42,43.7,45.2,823.151
30.9,50.3,33.8,51.5,52.8,723.534
23.6,95.7,16.9,67.3,39.9,768.153
21.9,25.5,12.3,87.5,42.4,380.064
24.6,87.2,19.1,60.9,28.8,698.496
36.5,43.2,36.9,39,69.6,723.534
28.5,90,27.2,52.3,33.1,771.256
25.4,30.4,12.1,85.2,31.8,748.037
30.5,37.7,24.2,64.8,40.9,740.975
24.3,34.3,25.5,65.8,46.6,740.975
38.7,54.4,16.7,59.5,31.9,800.895
40.8,27.4,38.9,40.1,91.4,891.631
24.7,21.1,14.8,81.3,47.4,740.975
32.9,32,45.4,34.2,96.9,640.288
43.9,27.5,24.1,52.8,28.1,380.064
31.7,30.5,43.1,39.1,92.2,640.288
31.9,52.6,20.8,57.5,63.5,585.29
30.1,45.8,30.2,53.5,35.6,748.037
18.3,39.4,10.4,87.8,29.8,765.585
21.2,33.5,22.7,72.6,30.8,748.037
25.7,37.9,22.6,74.6,32.6,740.975
25,40.5,22.5,65.1,69.4,740.975
19.3,64,18,75.2,28.5,698.496
37.8,27.5,45.2,34,92.9,419.868
19.2,71.8,14.7,79.7,28,870.766
28.2,49.8,35,46.9,100,454.643
25.5,71.6,23.4,64.4,32.8,800.895
34.2,40.8,29.8,55.3,48.6,723.534
30.8,61.9,33.3,52.1,28.8,794.796
18.6,66.7,35.7,56.3,32.5,800.895
26.5,47.3,18.5,74.1,32.3,740.975
27.4,38.8,22.3,67.5,54.2,740.975
27.1,66.2,21.2,65.8,31.2,779.174
28.7,64.5,24.5,56.8,77.1,780.779
18.8,22.3,15.7,85.5,32.1,482.784
37.2,41.5,34.1,39.4,75.9,823.151
30.2,58.2,30.8,49.1,33.2,695.607
22.6,47.5,17.5,64.1,30.2,376.747
22.7,53.6,17.4,62,34,748.037
18.6,47,19.2,73.6,34.5,606.262
18,74.7,28.5,56.7,30,594.599
31.2,46.3,14.6,57.7,36.3,748.037
24.8,46.1,20.7,65.1,33.3,779.174
21.7,38.5,20.4,72.1,35.9,740.975
25.8,97.6,11.2,53.5,41.8,1296.412
26,69.3,15.8,52.9,77.2,768.153
28,53.6,34.2,44.4,47.4,695.607
33.9,54.3,32.6,31.1,87.9,823.151
22.6,75,12.1,67.9,28.8,836.098
34.9,33.9,26.5,52,42.3,748.037
37.8,17.7,28.6,48.5,42.3,258.619
22.2,43.7,25,59.8,38.8,539.173
28.2,47.1,25.5,55.5,34.2,779.174
27,78,28.5,45.4,43.7,771.256
31.2,72.9,32.2,41.3,36.6,698.496
27.1,57.8,26.9,49.7,41.8,695.607
31.2,31,21,60.2,31.1,748.037
18.7,34.2,15.6,72.9,32.3,740.975
30.8,21.5,13.6,65.5,31,748.037
24.6,75.6,22.8,50.2,36.6,806.245
37,37.7,13.3,64.4,33.6,748.037
25.6,28.6,15.4,74.5,37,748.037
16.3,59.9,25.8,59.8,51.8,1080.593
23.1,56.9,15.9,62.3,30.9,779.174
53.2,47.6,47.6,68,28.3,800.895
23.7,50.6,18.6,65.9,42.5,740.975
23.1,35.9,21,64.8,37.5,740.975
22.3,42.7,32.3,52.8,70,376.747
20.3,25.9,27,62.7,29.3,748.037
26.4,89,26.7,41.2,85.9,771.256
31.1,24.5,21.5,58.7,30.3,748.037
29.3,17.1,12.1,70.4,28,748.037
44.6,21.1,42.3,22.6,49.4,457.96
22.6,77.7,23.5,59.1,30.4,698.496
31.9,37,24.6,45.7,79.4,419.868
22.2,72.4,23.8,58.2,32.7,698.496
21.5,84.8,20.2,53.4,32.2,771.256
23.8,46.1,22.8,64.2,31.5,545.807
34,28.6,18.2,58.3,41.6,748.037
18.1,29.6,16.6,74.9,28.6,748.037
26.5,66.1,18.7,58.8,36.8,1080.593
26.1,84.5,28.3,47.9,39.1,780.779
15.1,39.4,9.5,81.7,31.5,800.895
28.6,75.5,23.8,48.4,47.1,806.245
23.6,38.3,13.1,76.1,36.6,740.975
26,88.8,28.7,44.3,45.6,777.034
29,39.6,28.2,49.6,57.1,748.037
31.9,29.6,14.2,65.3,41.7,748.037
